date,day_of_week,hour,route_id,stop_id,boardings,alightings,capacity,delay_min,temperature_c,rainfall_mm,holiday_flag
2024-01-01,0,3,R014,S0031,8.0,5,50,17.2,27.4,3.1,0
2024-01-01,0,11,R011,S0038,7.0,8,40,13.9,34.0,13.5,0
2024-01-01,0,15,R021,S0081,12.0,7,50,14.2,27.4,0.1,1
2024-01-01,0,16,R022,S0066,17.0,14,60,-2.9,23.3,6.9,1
2024-01-01,0,16,R030,S0059,23.0,21,80,-1.0,25.2,0.1,0
2024-01-01,0,17,R013,S0069,,48,50,-5.0,26.3,0.0,0
2024-01-01,0,19,R018,S0081,64.0,59,60,25.6,23.6,0.0,1
2024-01-01,0,20,R025,S0049,43.0,46,80,6.9,29.0,,0
2024-01-02,1,8,R009,S0086,45.0,42,40,-5.0,30.2,0.2,0
2024-01-02,1,14,R005,S0013,22.0,21,60,3.8,31.0,0.0,0
2024-01-02,1,14,R030,S0095,24.0,20,80,1.4,33.9,0.0,0
2024-01-03,2,22,R005,S0091,10.0,11,40,9.3,23.1,0.0,0
2024-01-04,3,5,R019,S0008,22.0,17,60,5.3,21.4,3.9,0
2024-01-04,3,8,R026,S0063,47.0,45,80,12.0,35.6,11.6,0
2024-01-04,3,17,R019,S0096,34.0,36,40,-1.4,28.5,0.0,0
2024-01-04,3,18,R021,S0024,44.0,43,50,1.8,22.6,1.0,0
2024-01-05,4,8,R007,S0034,49.0,44,80,9.7,32.4,6.2,0
2024-01-05,4,9,R025,S0043,38.0,29,80,15.4,31.3,0.0,0
2024-01-05,4,10,R027,S0025,54.0,53,40,12.1,43.8,12.4,0
2024-01-05,4,11,R006,S0096,17.0,7,60,8.3,19.3,0.0,0
2024-01-05,4,13,R030,S0066,45.0,43,80,0.0,33.8,2.0,0
2024-01-05,4,16,R013,S0003,37.0,34,40,-0.5,36.2,6.5,0
2024-01-05,4,22,R020,S0079,16.0,15,80,,33.8,0.0,0
2024-01-06,5,11,R024,S0057,,0,60,3.6,25.0,3.5,1
2024-01-06,5,11,R028,S0061,38.0,32,40,10.4,17.0,13.3,0
2024-01-06,5,15,R002,S0060,20.0,16,80,10.5,20.5,1.4,0
2024-01-06,5,23,R008,S0015,46.0,53,40,6.2,34.7,0.0,0
2024-01-07,6,0,R008,S0099,3.0,0,50,8.2,28.1,2.3,0
2024-01-07,6,13,R015,S0075,43.0,42,40,6.0,28.8,5.4,1
2024-01-08,0,6,R028,S0067,49.0,49,50,,38.7,9.9,0
2024-01-08,0,10,R028,S0006,23.0,15,40,,28.0,0.0,0
2024-01-08,0,17,R028,S0033,55.0,50,60,12.6,36.1,0.5,0
2024-01-09,1,16,R002,S0098,14.0,5,50,3.7,28.0,2.0,0
2024-01-09,1,17,R010,S0018,37.0,42,60,-2.1,22.9,5.2,0
2024-01-09,1,20,R006,S0016,52.0,46,50,-0.5,32.0,0.1,1
2024-01-10,2,5,R008,S0036,31.0,30,80,0.6,29.6,3.5,0
2024-01-10,2,6,R007,S0054,48.0,46,60,8.8,43.0,0.0,0
2024-01-10,2,6,R023,S0083,29.0,21,50,0.5,24.1,3.7,0
2024-01-10,2,18,R007,S0029,48.0,44,40,7.1,32.5,4.6,0
2024-01-11,3,6,R028,S0074,8.0,2,80,7.1,30.0,0.0,0
2024-01-12,4,1,R005,S0088,26.0,22,50,14.8,34.9,2.2,0
2024-01-12,4,5,R030,S0037,0.0,0,60,8.8,21.4,0.9,0
2024-01-12,4,16,R015,S0096,20.0,19,40,7.8,28.4,2.0,0
2024-01-13,5,7,R021,S0041,13.0,11,60,7.7,22.7,0.3,0
2024-01-13,5,10,R007,S0087,49.0,47,50,10.7,28.7,1.7,0
2024-01-13,5,14,R020,S0058,35.0,33,80,13.6,31.9,0.4,0
2024-01-13,5,20,R025,S0049,47.0,46,80,8.2,31.7,2.5,0
2024-01-13,5,21,R008,S0042,42.0,41,60,11.3,23.0,0.0,0
2024-01-14,6,0,R030,S0088,35.0,34,60,9.1,35.7,0.8,0
2024-01-14,6,7,R028,S0020,15.0,17,40,-5.0,34.1,4.7,0
2024-01-14,6,12,R027,S0032,40.0,37,80,1.7,30.6,0.0,0
2024-01-14,6,19,R030,S0070,30.0,27,60,2.8,20.6,0.0,1
2024-01-14,6,22,R004,S0053,32.0,29,80,13.2,27.7,0.0,0
2024-01-15,0,0,R014,S0053,18.0,17,60,7.2,30.8,1.0,0
2024-01-15,0,7,R020,S0038,17.0,16,40,10.4,28.6,,0
2024-01-15,0,9,R019,S0047,38.0,40,80,3.5,35.3,3.7,0
2024-01-15,0,11,R017,S0083,0.0,0,50,-0.8,29.1,4.8,0
2024-01-15,0,20,R003,S0087,24.0,25,80,,26.5,4.9,0
2024-01-16,1,16,R026,S0004,31.0,27,50,15.9,31.8,4.0,0
2024-01-17,2,11,R006,S0029,17.0,10,80,9.5,34.4,0.0,0
2024-01-17,2,19,R026,S0075,53.0,47,60,8.1,26.6,,0
2024-01-18,3,0,R004,S0072,47.0,42,40,5.8,31.9,2.2,0
2024-01-19,4,5,R021,S0010,30.0,34,40,2.4,32.2,0.0,0
2024-01-19,4,11,R017,S0085,15.0,15,50,4.3,26.0,0.0,0
2024-01-20,5,9,R008,S0066,48.0,46,50,4.9,23.6,6.9,0
2024-01-20,5,15,R022,S0057,36.0,31,80,,32.0,9.4,1
2024-01-20,5,17,R025,S0092,47.0,46,80,-1.1,30.1,0.0,1
2024-01-21,6,2,R025,S0085,26.0,22,60,12.8,36.2,1.7,0
2024-01-21,6,16,R028,S0001,18.0,19,50,3.4,25.5,5.8,0
2024-01-22,0,5,R025,S0043,10.0,10,50,-4.6,33.1,1.9,0
2024-01-22,0,7,R001,S0099,34.0,26,50,,26.5,0.0,0
2024-01-22,0,16,R013,S0047,278.0,27,60,-2.7,29.6,1.8,0
2024-01-23,1,0,R027,S0081,20.0,16,40,12.4,38.3,1.9,0
2024-01-23,1,3,R012,S0011,6.0,10,60,6.1,19.1,10.4,0
2024-01-23,1,8,R009,S0002,,16,80,-5.0,29.7,2.8,0
2024-01-23,1,10,R021,S0100,30.0,32,60,2.6,27.9,,0
2024-01-25,3,1,R013,S0083,47.0,39,80,9.2,36.6,7.2,0
2024-01-25,3,2,R020,S0014,22.0,18,80,-0.9,18.9,4.4,0
2024-01-25,3,3,R013,S0065,8.0,7,60,0.6,26.1,4.9,0
2024-01-25,3,9,R007,S0090,16.0,12,50,7.3,19.2,0.0,0
2024-01-25,3,16,R023,S0059,23.0,25,80,14.7,25.8,1.4,0
2024-01-26,4,3,R010,S0067,14.0,6,40,6.1,28.4,0.0,0
2024-01-26,4,7,R002,S0023,22.0,20,60,-4.4,28.6,1.0,0
2024-01-26,4,10,R008,S0022,39.0,33,50,14.2,32.7,0.3,0
2024-01-27,5,11,R008,S0041,2.0,0,40,,23.8,0.7,0
2024-01-28,6,10,R009,S0068,48.0,45,40,8.1,24.5,1.7,0
2024-01-28,6,11,R022,S0076,53.0,58,50,,33.6,0.0,0
2024-01-28,6,19,R013,S0100,46.0,40,40,-1.8,23.4,4.9,0
2024-01-28,6,19,R018,S0089,50.0,47,80,-4.0,30.2,0.0,0
2024-01-28,6,21,R021,S0073,33.0,26,60,-1.8,36.0,0.0,0
2024-01-29,0,5,R002,S0085,25.0,29,80,8.1,22.3,0.0,0
2024-01-29,0,5,R009,S0009,48.0,40,40,-5.0,33.1,0.0,0
2024-01-29,0,8,R021,S0097,37.0,33,50,18.0,31.5,3.1,0
2024-01-30,1,16,R027,S0081,39.0,35,40,4.7,21.4,0.0,0
2024-01-31,2,21,R024,S0067,16.0,16,80,24.5,24.1,1.6,0
2024-02-02,4,8,R003,S0063,14.0,16,50,-5.0,28.4,3.4,0
2024-02-02,4,9,R020,S0082,51.0,54,40,4.8,31.4,0.5,0
2024-02-02,4,14,R011,S0054,10.0,9,50,,29.1,4.0,0
2024-02-03,5,3,R024,S0057,,22,60,0.5,21.4,10.6,0
2024-02-03,5,8,R005,S0056,53.0,52,40,13.3,24.2,2.4,0
2024-02-03,5,10,R015,S0056,24.0,25,60,-0.8,30.7,,0
2024-02-03,5,19,R024,S0086,39.0,31,80,4.7,31.2,10.7,0
2024-02-04,6,2,R022,S0059,5.0,3,80,1.4,29.1,0.0,0
2024-02-04,6,2,R028,S0070,34.0,32,80,9.9,35.5,0.0,0
2024-02-04,6,11,R025,S0072,20.0,18,50,-5.0,21.7,4.6,0
2024-02-04,6,13,R021,S0059,16.0,12,80,1.5,23.6,0.5,0
2024-02-04,6,16,R002,S0082,47.0,43,60,8.0,29.0,6.6,0
2024-02-04,6,21,R024,S0088,30.0,22,60,10.0,26.0,0.0,0
2024-02-05,0,1,R004,S0013,28.0,25,50,7.2,25.8,13.5,0
2024-02-05,0,12,R009,S0080,,10,60,18.5,20.5,0.3,0
2024-02-05,0,14,R003,S0040,44.0,43,80,-5.0,29.3,1.9,0
2024-02-05,0,17,R010,S0062,,6,60,-5.0,27.0,3.3,0
2024-02-06,1,9,R015,S0064,33.0,28,40,5.0,38.6,2.1,0
2024-02-06,1,12,R016,S0051,31.0,32,80,8.5,17.8,0.0,0
2024-02-06,1,15,R009,S0003,16.0,11,80,8.6,32.0,0.4,0
2024-02-07,2,3,R004,S0047,29.0,28,80,3.7,22.1,0.4,0
2024-02-07,2,4,R003,S0003,27.0,24,50,6.4,30.2,6.9,0
2024-02-07,2,9,R029,S0068,30.0,28,50,2.4,30.4,6.3,0
2024-02-07,2,12,R003,S0011,33.0,31,40,1.8,27.9,4.2,0
2024-02-07,2,16,R020,S0090,29.0,18,80,-5.0,25.7,11.7,0
2024-02-08,3,1,R028,S0093,37.0,29,60,-5.0,25.6,0.0,0
2024-02-08,3,8,R019,S0053,66.0,60,80,-0.9,23.9,2.8,0
2024-02-08,3,10,R003,S0055,22.0,20,40,17.6,22.8,1.5,1
2024-02-08,3,17,R023,S0017,34.0,33,40,2.3,32.2,3.4,0
2024-02-08,3,17,R011,S0001,35.0,27,60,14.0,35.3,0.0,0
2024-02-08,3,18,R028,S0026,43.0,33,50,5.1,39.0,4.6,1
2024-02-08,3,21,R023,S0052,31.0,25,40,-3.1,26.1,9.5,0
2024-02-08,3,23,R028,S0073,20.0,17,80,17.5,20.6,1.4,0
2024-02-09,4,6,R002,S0024,36.0,27,50,5.6,33.7,0.3,0
2024-02-10,5,0,R027,S0030,165.0,3,40,4.1,32.5,0.1,0
2024-02-10,5,5,R009,S0100,50.0,50,60,7.2,28.5,0.2,1
2024-02-10,5,22,R016,S0097,11.0,13,80,-1.2,27.7,3.8,0
2024-02-11,6,0,R025,S0026,9.0,9,50,21.0,27.9,0.0,0
2024-02-11,6,12,R029,S0016,6.0,4,40,12.6,25.1,1.8,0
2024-02-11,6,14,R014,S0076,,42,60,-1.1,28.8,0.0,0
2024-02-11,6,15,R020,S0041,22.0,20,80,-5.0,32.0,0.0,0
2024-02-11,6,23,R014,S0081,34.0,32,40,1.9,18.6,0.4,0
2024-02-12,0,3,R005,S0093,31.0,15,60,10.4,31.2,1.5,0
2024-02-12,0,9,R020,S0011,25.0,26,50,1.8,37.5,,1
2024-02-13,1,0,R007,S0012,15.0,18,60,0.7,21.2,0.6,0
2024-02-13,1,1,R006,S0045,39.0,33,50,4.9,28.1,1.8,0
2024-02-13,1,5,R028,S0030,38.0,40,50,8.9,23.5,0.0,0
2024-02-13,1,17,R026,S0026,73.0,71,80,1.3,38.4,,0
2024-02-14,2,11,R023,S0018,32.0,31,80,-2.7,27.7,0.0,0
2024-02-15,3,4,R011,S0093,23.0,24,50,7.1,31.5,0.0,0
2024-02-15,3,15,R022,S0023,33.0,32,50,-5.0,26.1,0.0,0
2024-02-15,3,21,R011,S0089,39.0,34,50,3.0,25.1,4.4,0
2024-02-16,4,2,R023,S0078,27.0,23,80,8.0,25.6,2.5,0
2024-02-16,4,4,R009,S0028,27.0,21,60,-1.4,28.0,0.0,0
2024-02-16,4,14,R020,S0058,55.0,48,50,9.6,31.9,4.5,0
2024-02-16,4,16,R020,S0083,4.0,8,60,-0.9,17.4,,0
2024-02-16,4,20,R012,S0019,47.0,48,80,13.2,25.3,2.6,0
2024-02-16,4,20,R012,S0007,36.0,33,40,-3.7,27.7,0.2,0
2024-02-17,5,1,R009,S0029,25.0,18,50,14.3,34.0,0.7,0
2024-02-17,5,20,R015,S0072,58.0,58,80,5.9,24.3,3.9,0
2024-02-17,5,23,R003,S0039,31.0,28,60,4.9,37.2,0.0,0
2024-02-18,6,13,R006,S0048,40.0,40,60,15.0,23.6,0.1,0
2024-02-18,6,13,R011,S0100,30.0,26,80,-4.1,33.2,0.0,0
2024-02-19,0,7,R022,S0041,19.0,14,60,-5.0,27.3,0.0,1
2024-02-20,1,1,R007,S0047,23.0,16,50,-1.5,27.9,1.3,0
2024-02-20,1,4,R019,S0050,54.0,52,80,12.5,30.1,2.2,0
2024-02-20,1,5,R001,S0006,0.0,2,40,9.9,32.7,0.0,1
2024-02-20,1,14,R021,S0008,41.0,37,40,-1.3,28.8,4.2,0
2024-02-20,1,15,R005,S0081,6.0,0,40,3.6,24.5,0.6,0
2024-02-20,1,16,R020,S0008,5.0,5,80,1.8,25.5,1.8,0
2024-02-20,1,17,R023,S0046,40.0,43,60,16.8,24.4,9.1,0
2024-02-21,2,4,R006,S0025,38.0,43,80,3.1,33.6,0.7,1
2024-02-21,2,13,R002,S0012,20.0,13,80,7.6,25.5,12.8,1
2024-02-21,2,22,R027,S0020,,28,40,,29.6,0.8,1
2024-02-22,3,1,R021,S0048,40.0,42,50,-2.6,25.3,0.0,0
2024-02-22,3,2,R004,S0083,26.0,24,40,0.0,27.1,0.0,0
2024-02-22,3,2,R008,S0059,,32,50,0.0,19.1,7.0,0
2024-02-22,3,6,R018,S0017,35.0,35,50,0.2,28.6,0.7,0
2024-02-22,3,11,R025,S0077,17.0,16,80,9.6,25.3,0.0,0
2024-02-22,3,14,R013,S0001,29.0,30,40,8.1,25.6,0.1,0
2024-02-22,3,15,R009,S0008,21.0,23,50,10.0,27.8,0.0,0
2024-02-23,4,2,R030,S0049,26.0,24,40,0.1,26.7,0.0,0
2024-02-23,4,4,R020,S0064,28.0,26,80,5.6,29.9,0.0,0
2024-02-23,4,5,R015,S0005,42.0,38,60,12.1,22.7,8.0,0
2024-02-23,4,6,R028,S0068,26.0,18,80,8.4,38.8,0.0,1
2024-02-23,4,7,R024,S0047,9.0,0,80,,25.0,,0
2024-02-23,4,14,R009,S0081,37.0,25,50,11.5,20.2,8.0,0
2024-02-23,4,20,R002,S0038,68.0,58,60,17.7,31.7,1.6,1
2024-02-24,5,18,R013,S0008,42.0,39,50,-5.0,26.5,5.4,0
2024-02-24,5,21,R015,S0094,23.0,29,40,-2.0,25.5,0.0,0
2024-02-25,6,13,R008,S0088,27.0,25,80,-4.0,33.9,4.1,0
2024-02-25,6,19,R013,S0034,43.0,42,60,10.3,28.1,0.0,0
2024-02-26,0,11,R017,S0042,8.0,7,50,-1.6,27.0,3.8,0
2024-02-27,1,2,R026,S0025,35.0,31,80,3.7,31.9,4.1,0
2024-02-27,1,4,R012,S0060,30.0,31,60,-4.3,32.4,1.5,0
2024-02-27,1,7,R015,S0061,13.0,11,50,22.9,29.7,0.0,0
2024-02-27,1,8,R025,S0097,27.0,28,50,-5.0,21.0,3.9,0
2024-02-27,1,16,R029,S0037,10.0,10,60,-5.0,36.3,0.0,0
2024-02-27,1,17,R030,S0017,46.0,38,40,0.4,23.1,2.4,0
2024-02-28,2,18,R020,S0084,47.0,45,60,15.9,29.7,0.0,0
2024-02-29,3,8,R030,S0036,37.0,27,50,0.0,28.2,4.9,0
2024-02-29,3,14,R017,S0034,233.0,15,80,-5.0,20.8,0.2,0
2024-02-29,3,19,R004,S0032,23.0,17,40,1.7,26.4,0.5,0
2024-03-01,4,4,R001,S0008,36.0,33,80,9.4,26.8,2.0,0
2024-03-01,4,17,R016,S0048,66.0,66,80,1.5,30.6,3.7,0
2024-03-02,5,9,R027,S0063,47.0,43,50,-5.0,26.8,5.7,0
2024-03-02,5,11,R001,S0057,,28,80,-2.4,22.1,0.0,0
2024-03-02,5,19,R018,S0089,44.0,46,50,8.2,27.1,0.0,0
2024-03-02,5,20,R006,S0074,,52,60,,21.3,,0
2024-03-02,5,22,R019,S0036,26.0,25,60,17.6,25.8,1.6,0
2024-03-03,6,4,R029,S0033,40.0,39,40,6.7,33.1,,0
2024-03-03,6,5,R019,S0079,30.0,23,40,-5.0,28.7,0.9,0
2024-03-03,6,7,R003,S0058,21.0,16,40,-1.1,24.8,0.0,0
2024-03-03,6,8,R006,S0040,42.0,41,50,-5.0,25.8,0.0,0
2024-03-03,6,8,R014,S0030,34.0,29,50,2.9,29.8,0.0,0
2024-03-03,6,11,R020,S0034,35.0,31,80,,24.5,2.4,1
2024-03-03,6,23,R025,S0050,22.0,18,60,-4.0,22.7,0.9,0
2024-03-05,1,15,R014,S0047,35.0,30,40,6.1,32.1,0.5,0
2024-03-05,1,18,R016,S0090,252.0,49,60,-5.0,34.8,0.0,0
2024-03-05,1,21,R006,S0079,24.0,20,40,12.5,28.5,1.1,1
2024-03-06,2,4,R015,S0021,13.0,8,80,2.2,26.6,4.5,0
2024-03-06,2,13,R016,S0062,33.0,33,60,11.1,31.0,3.2,0
2024-03-07,3,0,R004,S0022,10.0,0,80,,40.9,1.4,0
2024-03-07,3,8,R025,S0063,44.0,32,80,14.2,25.5,,0
2024-03-08,4,0,R002,S0017,5.0,6,60,9.0,24.2,3.2,0
2024-03-08,4,4,R023,S0017,31.0,27,60,3.9,19.4,0.7,0
2024-03-09,5,0,R007,S0027,46.0,42,50,-4.1,29.7,2.0,0
2024-03-09,5,1,R027,S0080,25.0,23,50,8.4,30.5,0.0,1
2024-03-09,5,3,R006,S0022,13.0,5,80,5.7,31.2,0.0,0
2024-03-09,5,5,R019,S0021,10.0,9,60,9.8,29.3,0.0,0
2024-03-09,5,12,R001,S0053,18.0,15,60,-4.3,30.3,0.0,0
2024-03-09,5,14,R022,S0048,21.0,15,80,2.1,31.7,3.7,0
2024-03-10,6,5,R018,S0015,39.0,32,60,6.4,31.2,0.1,0
2024-03-10,6,20,R030,S0054,58.0,48,50,-5.0,24.8,4.2,1
2024-03-12,1,9,R002,S0046,30.0,26,60,4.2,31.3,5.5,0
2024-03-12,1,16,R013,S0091,0.0,0,40,9.9,33.0,1.4,0
2024-03-13,2,5,R024,S0074,16.0,14,60,0.8,26.4,3.3,0
2024-03-14,3,23,R004,S0009,24.0,27,80,0.4,13.3,9.9,0
2024-03-15,4,1,R025,S0086,32.0,24,40,5.5,35.0,1.4,0
2024-03-15,4,7,R011,S0024,30.0,27,80,3.6,36.2,4.5,0
2024-03-15,4,11,R006,S0019,35.0,35,80,4.8,35.4,2.8,0
2024-03-15,4,20,R016,S0093,26.0,18,40,3.2,22.4,0.8,0
2024-03-15,4,22,R022,S0019,28.0,30,40,6.0,28.7,1.7,0
2024-03-16,5,1,R021,S0016,32.0,29,80,-0.6,35.1,,0
2024-03-16,5,11,R017,S0002,0.0,0,50,13.7,34.9,,0
2024-03-16,5,15,R005,S0065,39.0,41,80,11.7,25.7,1.7,0
2024-03-16,5,15,R024,S0024,9.0,7,80,7.8,22.7,0.0,0
2024-03-18,0,0,R012,S0044,23.0,22,50,-5.0,36.5,3.8,0
2024-03-18,0,8,R004,S0075,48.0,44,60,14.0,28.8,0.0,0
2024-03-18,0,11,R023,S0065,10.0,1,80,-5.0,30.1,0.0,0
2024-03-18,0,15,R011,S0093,18.0,13,60,1.5,19.4,0.3,0
2024-03-20,2,12,R004,S0060,41.0,36,60,7.2,18.1,,0
2024-03-21,3,4,R017,S0011,28.0,31,50,12.3,23.1,3.2,0
2024-03-21,3,10,R001,S0082,43.0,33,50,-5.0,41.0,5.0,0
2024-03-21,3,22,R015,S0055,36.0,37,40,7.0,31.5,8.3,0
2024-03-21,3,23,R029,S0092,11.0,7,60,4.6,27.7,4.9,1
2024-03-22,4,11,R004,S0086,32.0,27,80,5.2,27.4,8.2,0
2024-03-23,5,8,R004,S0076,44.0,46,40,7.8,27.2,0.0,0
2024-03-23,5,17,R001,S0068,46.0,40,60,6.7,24.8,,0
2024-03-24,6,21,R019,S0055,44.0,49,50,-5.0,34.7,0.0,0
2024-03-24,6,22,R020,S0030,15.0,9,60,0.8,30.7,1.3,1
2024-03-25,0,18,R021,S0028,34.0,36,50,0.6,26.6,2.2,0
2024-03-26,1,1,R029,S0038,20.0,17,40,7.7,31.5,5.4,0
2024-03-26,1,7,R016,S0020,22.0,15,60,2.6,28.7,0.0,0
2024-03-26,1,15,R010,S0053,21.0,19,40,-5.0,31.1,2.5,1
2024-03-26,1,18,R027,S0068,42.0,40,40,-2.6,26.1,0.0,0
2024-03-28,3,21,R020,S0086,0.0,0,40,-1.3,25.0,0.4,0
2024-03-29,4,7,R022,S0067,41.0,40,80,11.2,20.3,0.0,0
2024-03-29,4,12,R002,S0051,43.0,45,80,9.3,27.3,1.7,0
2024-03-29,4,13,R003,S0054,43.0,38,50,5.1,29.9,0.0,0
2024-03-29,4,16,R006,S0088,25.0,22,60,1.3,20.2,7.7,0
2024-03-30,5,1,R029,S0087,33.0,31,40,14.6,29.5,0.8,0
2024-03-30,5,4,R030,S0085,16.0,14,80,4.3,26.3,0.0,0
2024-03-30,5,13,R021,S0044,16.0,8,60,7.0,31.1,0.0,0
2024-03-30,5,17,R016,S0057,54.0,48,80,3.8,29.2,0.0,0
2024-03-30,5,23,R026,S0041,26.0,24,50,14.5,20.2,0.0,0
2024-03-31,6,10,R027,S0057,50.0,47,50,12.4,32.3,1.0,0
2024-04-01,0,0,R006,S0021,17.0,16,40,-1.7,41.6,1.4,0
2024-04-01,0,2,R025,S0030,32.0,23,50,-4.3,26.2,0.4,0
2024-04-01,0,5,R021,S0045,24.0,19,60,-2.6,22.9,1.1,0
2024-04-01,0,7,R003,S0012,8.0,15,40,-1.0,25.0,0.0,0
2024-04-01,0,23,R007,S0100,31.0,31,80,10.0,22.7,0.0,0
2024-04-02,1,4,R008,S0066,22.0,16,60,7.5,24.8,0.0,0
2024-04-02,1,17,R006,S0069,62.0,59,80,,29.7,0.1,0
2024-04-03,2,2,R030,S0034,20.0,18,80,-2.4,31.9,0.0,1
2024-04-03,2,9,R005,S0057,57.0,48,60,-5.0,25.5,0.0,0
2024-04-03,2,10,R026,S0100,46.0,43,50,17.1,36.0,0.0,0
2024-04-04,3,2,R003,S0006,25.0,18,60,0.4,18.9,0.2,0
2024-04-04,3,6,R029,S0031,11.0,9,80,0.6,23.7,0.2,0
2024-04-04,3,7,R026,S0026,25.0,24,60,-1.8,31.0,,0
2024-04-04,3,11,R029,S0086,30.0,25,60,10.5,8.8,0.0,0
2024-04-04,3,16,R008,S0091,33.0,28,80,8.9,23.2,2.4,0
2024-04-04,3,18,R025,S0039,47.0,49,50,5.9,25.1,0.4,0
2024-04-04,3,22,R002,S0091,,13,50,7.1,22.2,3.7,0
2024-04-05,4,3,R028,S0035,38.0,35,60,4.7,29.4,0.6,0
2024-04-05,4,6,R020,S0037,27.0,25,50,7.6,42.3,5.6,0
2024-04-05,4,12,R029,S0056,35.0,32,60,-0.5,26.6,0.9,0
2024-04-05,4,12,R004,S0079,4.0,0,80,14.4,25.6,0.2,0
2024-04-05,4,13,R029,S0083,41.0,37,80,-2.9,38.9,0.0,0
2024-04-06,5,4,R013,S0015,28.0,25,60,2.5,33.1,5.4,0
2024-04-06,5,9,R011,S0017,58.0,55,40,-1.3,25.5,,1
2024-04-06,5,11,R004,S0064,,5,60,7.0,30.7,4.3,0
2024-04-07,6,2,R021,S0004,,0,60,3.0,31.9,0.0,0
2024-04-07,6,21,R003,S0017,39.0,36,40,-2.8,25.3,0.5,0
2024-04-07,6,21,R029,S0095,24.0,14,50,,30.4,1.9,0
2024-04-08,0,0,R026,S0090,8.0,4,80,12.7,29.4,0.0,0
2024-04-08,0,2,R025,S0082,28.0,18,60,10.2,12.3,0.9,0
2024-04-08,0,11,R010,S0027,5.0,2,40,-5.0,24.3,5.7,0
2024-04-08,0,14,R016,S0084,45.0,37,60,15.8,25.4,0.2,0
2024-04-08,0,17,R017,S0017,211.0,33,40,16.6,26.0,0.5,0
2024-04-08,0,19,R021,S0075,47.0,42,40,17.2,18.8,2.9,0
2024-04-08,0,20,R016,S0051,40.0,35,60,-0.4,32.9,,0
2024-04-08,0,21,R029,S0022,36.0,37,50,10.7,16.9,2.4,0
2024-04-08,0,22,R007,S0051,37.0,40,50,7.8,25.6,0.0,0
2024-04-09,1,1,R002,S0032,29.0,25,50,4.6,24.2,0.8,0
2024-04-09,1,12,R010,S0023,30.0,29,60,,30.2,1.5,0
2024-04-09,1,20,R019,S0013,38.0,37,80,-3.1,31.4,1.2,0
2024-04-09,1,21,R008,S0025,34.0,36,80,11.7,35.5,5.8,0
2024-04-10,2,1,R016,S0075,6.0,9,40,9.1,31.0,4.0,1
2024-04-10,2,8,R020,S0019,19.0,22,50,-5.0,23.1,5.6,0
2024-04-10,2,11,R017,S0033,34.0,31,40,5.6,31.6,0.0,0
2024-04-10,2,12,R018,S0060,0.0,3,40,29.7,32.2,19.1,0
2024-04-10,2,15,R008,S0027,37.0,31,50,1.5,32.5,0.6,0
2024-04-10,2,21,R007,S0060,26.0,21,60,6.9,26.8,0.6,0
2024-04-10,2,23,R025,S0073,8.0,4,80,-5.0,25.2,0.0,0
2024-04-12,4,4,R008,S0063,13.0,12,60,-2.9,33.8,3.8,0
2024-04-12,4,10,R020,S0086,25.0,24,40,9.9,30.7,0.9,0
2024-04-12,4,19,R019,S0072,62.0,53,80,-4.8,30.7,6.0,0
2024-04-12,4,22,R002,S0062,23.0,16,80,6.3,22.0,5.3,0
2024-04-13,5,3,R008,S0039,20.0,16,60,-0.2,35.4,6.2,0
2024-04-13,5,3,R016,S0067,18.0,13,40,-4.2,30.4,0.8,0
2024-04-13,5,6,R003,S0051,7.0,7,80,1.5,34.7,0.8,0
2024-04-13,5,13,R022,S0031,2.0,0,50,,28.4,3.6,0
2024-04-13,5,21,R006,S0084,51.0,53,80,-5.0,31.1,0.0,0
2024-04-13,5,22,R002,S0013,16.0,10,60,16.7,31.7,2.5,0
2024-04-13,5,22,R026,S0006,14.0,15,40,18.4,30.7,0.0,1
2024-04-14,6,11,R008,S0029,48.0,44,50,11.1,24.1,,0
2024-04-14,6,14,R023,S0059,35.0,28,60,-5.0,25.4,1.7,0
2024-04-15,0,2,R010,S0011,11.0,1,50,2.4,24.0,1.1,1
2024-04-15,0,2,R003,S0077,14.0,12,50,-2.4,31.8,0.2,0
2024-04-15,0,8,R005,S0027,69.0,68,60,12.5,26.1,1.7,0
2024-04-15,0,14,R022,S0003,24.0,13,40,-1.2,30.1,0.0,0
2024-04-16,1,9,R009,S0066,30.0,25,50,14.9,26.4,0.0,0
2024-04-16,1,20,R030,S0034,35.0,29,40,2.7,35.7,4.7,0
2024-04-17,2,3,R021,S0035,12.0,6,40,1.2,41.2,18.7,1
2024-04-17,2,20,R009,S0053,8.0,5,50,17.6,35.3,0.6,0
2024-04-18,3,14,R001,S0048,26.0,25,50,3.6,22.7,6.6,0
2024-04-18,3,15,R006,S0041,14.0,15,50,-0.4,31.1,0.4,0
2024-04-19,4,7,R024,S0050,28.0,21,80,5.1,26.6,10.6,0
2024-04-20,5,1,R025,S0051,13.0,6,80,12.4,25.7,0.0,0
2024-04-20,5,4,R027,S0011,32.0,29,60,-5.0,15.5,2.3,0
2024-04-20,5,7,R028,S0090,0.0,0,80,9.0,16.7,0.9,0
2024-04-20,5,9,R012,S0083,85.0,86,50,-0.6,29.9,3.2,1
2024-04-20,5,11,R014,S0018,23.0,23,60,8.2,21.1,0.9,0
2024-04-20,5,20,R027,S0068,53.0,51,60,2.4,20.9,0.0,0
2024-04-20,5,23,R003,S0055,16.0,9,60,,32.9,3.6,0
2024-04-21,6,2,R008,S0051,26.0,20,40,,26.1,0.0,0
2024-04-21,6,3,R001,S0061,20.0,16,60,18.9,24.2,3.1,0
2024-04-21,6,11,R013,S0013,0.0,0,40,2.2,29.4,0.0,0
2024-04-21,6,18,R006,S0093,50.0,49,50,-5.0,24.6,0.8,0
2024-04-22,0,1,R017,S0010,8.0,6,40,11.6,33.6,3.4,0
2024-04-22,0,3,R005,S0043,28.0,22,80,6.0,30.4,1.9,0
2024-04-22,0,4,R005,S0018,1.0,0,40,10.0,34.4,0.0,0
2024-04-22,0,17,R023,S0099,41.0,40,80,7.1,24.1,1.4,0
2024-04-22,0,21,R003,S0065,46.0,36,50,10.4,26.2,,0
2024-04-22,0,21,R014,S0074,39.0,28,50,2.8,21.4,5.8,0
2024-04-22,0,23,R020,S0013,28.0,24,40,-3.3,27.5,0.2,0
2024-04-23,1,11,R010,S0038,4.0,12,40,18.1,20.8,0.0,0
2024-04-23,1,19,R010,S0065,40.0,34,80,7.8,29.2,1.5,0
2024-04-24,2,6,R009,S0013,0.0,0,50,-5.0,25.4,2.0,0
2024-04-24,2,14,R022,S0064,20.0,11,60,5.2,31.2,1.4,0
2024-04-25,3,13,R007,S0023,27.0,25,60,15.8,23.6,1.3,0
2024-04-25,3,13,R002,S0051,14.0,9,60,-5.0,22.3,0.2,0
2024-04-25,3,15,R028,S0063,17.0,18,80,10.7,24.8,0.0,0
2024-04-26,4,9,R026,S0025,72.0,62,50,2.3,33.2,0.0,0
2024-04-26,4,17,R018,S0066,43.0,41,40,6.8,33.7,0.0,0
2024-04-26,4,22,R015,S0084,12.0,15,80,12.6,27.2,10.4,0
2024-04-27,5,2,R024,S0034,44.0,36,40,6.7,29.4,5.9,0
2024-04-27,5,2,R007,S0075,31.0,23,40,-0.2,30.3,4.4,0
2024-04-27,5,9,R020,S0033,47.0,43,40,4.8,33.7,2.3,0
2024-04-27,5,13,R026,S0041,20.0,19,50,19.8,26.4,1.9,0
2024-04-27,5,16,R026,S0067,11.0,6,80,12.2,27.3,0.2,0
2024-04-28,6,20,R024,S0087,58.0,58,60,10.7,31.1,0.0,0
2024-04-28,6,22,R019,S0082,14.0,6,80,7.2,17.3,2.4,0
2024-04-29,0,1,R018,S0045,12.0,7,50,13.1,21.7,0.0,0
2024-04-29,0,8,R008,S0001,65.0,62,40,19.4,28.5,1.5,0
2024-04-30,1,0,R004,S0042,13.0,7,80,1.8,28.3,0.0,0
2024-04-30,1,20,R004,S0063,31.0,30,50,-3.9,22.0,7.5,1
2024-05-01,2,8,R008,S0087,49.0,48,40,7.8,26.8,0.2,0
2024-05-01,2,11,R014,S0055,35.0,34,60,5.3,29.2,0.0,1
2024-05-01,2,12,R013,S0066,24.0,29,40,5.1,32.4,3.4,0
2024-05-01,2,16,R028,S0018,25.0,20,60,-4.6,25.3,0.0,0
2024-05-01,2,16,R010,S0013,45.0,41,60,4.2,29.0,,0
2024-05-01,2,19,R028,S0087,58.0,60,60,-5.0,32.0,3.7,0
2024-05-02,3,10,R021,S0088,25.0,23,80,3.3,33.6,0.0,0
2024-05-02,3,17,R028,S0035,53.0,50,40,-0.1,35.2,2.2,0
2024-05-03,4,5,R003,S0051,28.0,31,80,8.2,28.0,0.5,0
2024-05-03,4,8,R025,S0072,71.0,71,50,,33.5,,1
2024-05-04,5,6,R030,S0039,17.0,14,40,10.6,28.7,0.0,0
2024-05-04,5,19,R024,S0067,25.0,25,60,6.3,24.5,0.3,1
2024-05-05,6,7,R010,S0044,0.0,1,50,9.8,25.5,0.0,0
2024-05-05,6,8,R005,S0013,37.0,41,50,14.4,28.3,2.4,0
2024-05-05,6,12,R006,S0008,30.0,18,60,8.3,22.9,5.1,0
2024-05-05,6,13,R015,S0062,37.0,36,60,0.4,40.5,0.2,0
2024-05-05,6,14,R001,S0087,25.0,32,40,5.3,27.5,,0
2024-05-05,6,18,R001,S0031,34.0,30,40,,30.9,6.9,0
2024-05-06,0,2,R020,S0005,34.0,32,60,7.8,21.8,0.3,0
2024-05-06,0,5,R027,S0013,30.0,29,50,5.6,24.9,0.0,0
2024-05-06,0,5,R003,S0027,27.0,17,50,12.3,16.2,1.9,0
2024-05-06,0,15,R023,S0034,28.0,27,50,0.0,27.9,2.2,0
2024-05-07,1,3,R020,S0024,27.0,27,50,-2.2,29.4,5.5,0
2024-05-07,1,6,R023,S0011,40.0,39,40,2.1,23.8,2.9,0
2024-05-07,1,12,R007,S0067,8.0,6,50,6.8,38.0,6.8,0
2024-05-07,1,15,R016,S0018,25.0,22,80,-2.3,29.6,1.4,0
2024-05-07,1,15,R030,S0073,12.0,8,50,,35.1,,0
2024-05-08,2,0,R002,S0068,27.0,26,50,-5.0,23.3,8.1,0
2024-05-08,2,12,R024,S0016,38.0,36,40,-5.0,26.3,0.0,0
2024-05-08,2,20,R003,S0059,30.0,21,60,,27.1,0.0,1
2024-05-09,3,10,R015,S0034,44.0,39,40,8.6,18.3,0.0,0
2024-05-09,3,14,R021,S0080,0.0,0,80,15.1,22.2,3.5,0
2024-05-09,3,19,R023,S0091,357.0,56,40,,19.7,0.5,0
2024-05-09,3,20,R009,S0050,46.0,37,60,-0.4,29.0,1.5,0
2024-05-10,4,6,R001,S0061,72.0,69,60,7.7,35.3,0.1,0
2024-05-10,4,7,R021,S0097,33.0,34,60,4.5,35.2,0.3,0
2024-05-10,4,13,R015,S0039,30.0,33,40,-0.7,30.1,,0
2024-05-10,4,14,R018,S0044,5.0,7,60,-5.0,38.5,0.0,0
2024-05-11,5,6,R027,S0089,33.0,24,60,13.8,25.7,1.0,1
2024-05-11,5,16,R011,S0028,28.0,25,40,-5.0,20.9,0.2,0
2024-05-12,6,0,R007,S0095,40.0,35,40,11.0,30.9,3.2,0
2024-05-12,6,4,R021,S0012,15.0,15,60,12.7,22.6,2.3,1
2024-05-12,6,9,R015,S0053,42.0,39,80,-3.3,32.0,1.4,0
2024-05-12,6,17,R011,S0059,17.0,16,40,10.1,20.8,5.2,0
2024-05-12,6,20,R027,S0078,23.0,23,40,13.3,26.1,0.0,0
2024-05-12,6,23,R019,S0010,13.0,9,50,-2.8,27.8,0.0,0
2024-05-13,0,7,R004,S0003,44.0,39,50,8.6,29.9,10.1,0
2024-05-13,0,16,R024,S0004,40.0,26,80,-2.4,30.8,0.0,0
2024-05-13,0,20,R009,S0099,33.0,33,40,-1.0,31.3,1.1,0
2024-05-13,0,21,R016,S0081,17.0,14,80,6.9,34.3,9.5,0
2024-05-13,0,21,R014,S0044,32.0,28,80,4.7,31.8,3.2,0
2024-05-14,1,6,R027,S0039,24.0,20,60,,28.1,2.7,0
2024-05-14,1,19,R014,S0015,66.0,65,40,3.5,28.6,0.0,0
2024-05-14,1,22,R008,S0091,21.0,16,50,3.1,37.4,8.2,0
2024-05-15,2,0,R009,S0097,18.0,20,50,10.7,26.5,0.2,0
2024-05-15,2,14,R025,S0094,,27,80,3.0,26.1,7.8,0
2024-05-15,2,19,R016,S0012,47.0,52,50,9.2,15.8,1.0,0
2024-05-15,2,21,R005,S0007,22.0,18,50,-1.1,27.1,3.7,0
2024-05-16,3,10,R012,S0099,46.0,46,80,-5.0,30.5,0.0,0
2024-05-16,3,18,R028,S0100,49.0,41,40,11.0,20.9,0.0,0
2024-05-16,3,18,R025,S0072,28.0,21,80,-0.4,30.0,2.7,0
2024-05-16,3,21,R022,S0068,27.0,20,50,2.3,24.2,1.6,0
2024-05-17,4,11,R020,S0070,31.0,25,80,,34.3,4.0,0
2024-05-17,4,17,R028,S0069,47.0,41,80,8.2,34.9,1.3,0
2024-05-18,5,11,R020,S0086,22.0,18,80,2.5,20.0,0.0,0
2024-05-18,5,19,R022,S0036,47.0,47,40,3.1,28.5,0.0,0
2024-05-19,6,5,R005,S0040,26.0,20,80,2.9,35.8,5.9,0
2024-05-19,6,9,R009,S0051,36.0,24,50,-1.7,33.6,4.8,0
2024-05-20,0,13,R015,S0056,13.0,19,50,5.4,24.8,1.5,0
2024-05-20,0,18,R017,S0056,49.0,40,50,15.5,28.4,1.0,0
2024-05-20,0,21,R014,S0053,0.0,0,40,-0.9,21.4,0.1,1
2024-05-21,1,1,R015,S0061,39.0,35,80,17.1,32.5,0.0,0
2024-05-21,1,8,R028,S0035,43.0,37,50,-0.6,32.6,5.5,0
2024-05-22,2,4,R005,S0079,30.0,27,60,15.2,26.9,1.8,0
2024-05-22,2,11,R021,S0042,26.0,20,40,-0.4,23.5,10.7,0
2024-05-22,2,16,R026,S0056,27.0,30,60,1.3,28.2,0.2,0
2024-05-22,2,23,R017,S0041,31.0,29,80,5.1,27.5,0.3,0
2024-05-23,3,0,R008,S0030,44.0,39,40,12.6,27.9,0.0,1
2024-05-23,3,0,R004,S0073,25.0,23,40,18.7,26.4,4.1,0
2024-05-23,3,2,R010,S0034,15.0,3,40,4.6,29.3,0.0,0
2024-05-23,3,7,R021,S0037,21.0,14,50,-2.2,26.6,4.5,0
2024-05-23,3,11,R013,S0046,21.0,15,50,15.0,26.9,0.1,0
2024-05-23,3,11,R022,S0075,31.0,24,80,-3.1,27.8,0.0,0
2024-05-23,3,23,R023,S0037,27.0,26,80,6.7,16.9,0.8,0
2024-05-24,4,8,R024,S0032,22.0,17,60,-1.5,34.2,2.8,0
2024-05-24,4,9,R008,S0073,47.0,48,60,10.2,18.2,2.5,0
2024-05-24,4,10,R013,S0077,65.0,58,40,0.2,19.2,1.3,0
2024-05-24,4,11,R021,S0075,27.0,25,80,6.0,33.2,0.0,0
2024-05-24,4,16,R018,S0095,33.0,33,50,10.1,31.7,0.1,0
2024-05-24,4,23,R010,S0028,25.0,22,80,5.7,24.4,2.0,1
2024-05-25,5,6,R013,S0100,41.0,36,40,3.9,33.7,0.0,0
2024-05-25,5,11,R007,S0004,15.0,8,60,6.1,16.2,0.2,0
2024-05-25,5,13,R026,S0093,31.0,21,40,16.7,33.7,5.3,0
2024-05-26,6,1,R020,S0024,46.0,46,80,13.1,24.1,0.0,0
2024-05-26,6,4,R029,S0060,30.0,31,40,14.4,18.3,1.9,0
2024-05-26,6,9,R026,S0042,32.0,31,60,-5.0,34.4,1.0,0
2024-05-26,6,12,R007,S0052,16.0,12,60,4.1,30.9,0.8,0
2024-05-26,6,13,R028,S0081,6.0,2,80,10.2,25.2,17.3,0
2024-05-26,6,21,R029,S0085,0.0,0,40,3.1,26.6,2.7,0
2024-05-27,0,2,R004,S0043,30.0,24,60,-0.9,31.2,4.5,0
2024-05-27,0,11,R020,S0030,19.0,18,80,9.0,34.6,0.3,0
2024-05-27,0,11,R005,S0024,22.0,16,50,5.2,27.2,0.0,0
2024-05-27,0,22,R030,S0035,23.0,23,40,1.5,26.4,7.5,0
2024-05-28,1,0,R025,S0100,12.0,15,40,-5.0,21.3,0.0,0
2024-05-28,1,11,R008,S0047,29.0,24,40,-2.4,31.3,0.0,0
2024-05-29,2,0,R025,S0012,0.0,0,50,12.0,33.2,1.8,1
2024-05-29,2,5,R009,S0004,39.0,37,50,8.8,29.1,0.0,0
2024-05-29,2,16,R021,S0065,25.0,23,60,4.7,33.7,,0
2024-05-30,3,0,R029,S0087,18.0,5,40,12.2,33.2,0.0,0
2024-05-30,3,3,R003,S0070,38.0,29,40,7.3,31.7,5.2,1
2024-05-30,3,10,R012,S0069,48.0,51,80,8.1,31.9,0.0,0
2024-05-30,3,16,R030,S0012,37.0,41,60,5.8,27.6,0.0,0
2024-05-30,3,22,R029,S0017,25.0,22,50,9.3,27.1,0.1,0
2024-05-31,4,1,R014,S0049,30.0,26,40,-3.1,26.8,0.9,0
2024-05-31,4,5,R002,S0031,18.0,12,60,1.1,21.4,4.9,0
2024-05-31,4,10,R007,S0037,60.0,56,60,9.9,31.6,,0
2024-05-31,4,15,R023,S0008,16.0,14,60,-5.0,28.4,0.2,0
2024-05-31,4,16,R012,S0017,31.0,22,60,-2.2,31.1,0.0,0
2024-05-31,4,18,R015,S0068,77.0,76,50,-0.4,34.4,,0
2024-05-31,4,20,R026,S0011,31.0,27,60,7.4,27.8,0.0,1
2024-06-01,5,9,R015,S0099,41.0,41,40,0.6,33.7,4.7,0
2024-06-01,5,12,R025,S0093,30.0,21,50,-1.9,26.6,0.1,0
2024-06-01,5,22,R012,S0026,39.0,35,60,8.9,27.6,0.7,0
2024-06-02,6,7,R015,S0017,13.0,17,40,-5.0,33.4,4.8,0
2024-06-02,6,11,R015,S0054,27.0,28,80,2.7,24.7,0.7,0
2024-06-02,6,18,R026,S0005,49.0,51,60,-5.0,24.1,0.0,0
2024-06-02,6,22,R001,S0084,15.0,13,80,2.2,30.1,0.0,0
2024-06-03,0,6,R008,S0047,16.0,6,60,8.3,24.5,9.5,0
2024-06-03,0,14,R003,S0080,52.0,52,50,13.7,34.4,,0
2024-06-04,1,8,R023,S0025,55.0,47,80,4.2,29.9,0.0,0
2024-06-05,2,1,R030,S0006,31.0,28,60,-2.3,31.1,,0
2024-06-05,2,9,R010,S0064,51.0,43,40,-2.9,21.5,0.0,0
2024-06-05,2,15,R028,S0067,17.0,8,50,7.5,27.7,1.8,1
2024-06-05,2,20,R024,S0040,49.0,42,80,6.2,24.4,0.0,0
2024-06-05,2,22,R002,S0047,24.0,25,40,,27.0,0.0,0
2024-06-06,3,7,R028,S0014,10.0,6,60,-5.0,23.2,0.1,0
2024-06-06,3,11,R030,S0088,286.0,39,60,-5.0,27.7,4.0,0
2024-06-06,3,21,R024,S0021,20.0,19,40,4.4,34.0,4.9,0
2024-06-07,4,22,R024,S0034,12.0,8,50,-5.0,27.1,4.0,0
2024-06-08,5,0,R018,S0024,23.0,11,60,14.5,27.1,3.2,0
2024-06-08,5,2,R014,S0082,37.0,25,80,0.3,28.7,0.0,0
2024-06-08,5,6,R001,S0042,23.0,21,40,1.5,32.9,3.0,0
2024-06-08,5,9,R002,S0095,45.0,41,60,2.2,31.2,0.2,0
2024-06-08,5,11,R012,S0034,23.0,21,40,-5.0,33.6,0.0,1
2024-06-08,5,16,R005,S0068,45.0,40,60,0.3,37.5,7.0,0
2024-06-08,5,20,R026,S0065,35.0,40,60,-2.9,21.3,2.3,0
2024-06-09,6,2,R001,S0005,36.0,38,80,10.8,28.4,0.8,0
2024-06-09,6,3,R003,S0007,24.0,19,60,1.9,28.4,,1
2024-06-09,6,12,R008,S0057,28.0,22,80,-4.6,33.0,0.0,0
2024-06-09,6,15,R002,S0076,,6,50,2.8,32.2,9.5,0
2024-06-09,6,16,R022,S0017,20.0,12,50,,26.6,6.3,0
2024-06-09,6,18,R021,S0092,,47,40,6.1,26.1,3.2,1
2024-06-10,0,2,R018,S0001,34.0,29,40,13.1,29.6,0.8,1
2024-06-10,0,11,R009,S0052,29.0,20,80,7.4,19.2,0.0,0
2024-06-11,1,6,R025,S0034,25.0,14,80,19.6,31.2,0.0,0
2024-06-11,1,7,R015,S0099,16.0,7,80,10.1,22.4,0.0,0
2024-06-11,1,9,R004,S0019,21.0,14,50,16.2,29.0,0.5,0
2024-06-11,1,11,R019,S0085,15.0,19,40,10.8,29.6,0.0,0
2024-06-12,2,5,R025,S0044,17.0,13,60,19.3,19.7,5.1,1
2024-06-12,2,5,R028,S0016,24.0,26,60,-0.2,34.4,12.6,0
2024-06-12,2,7,R010,S0007,40.0,36,80,,23.4,0.6,0
2024-06-13,3,3,R029,S0024,6.0,10,50,0.0,25.7,0.0,0
2024-06-13,3,3,R006,S0052,20.0,22,50,-0.5,26.1,,0
2024-06-13,3,15,R026,S0088,34.0,37,60,24.0,37.9,4.0,0
2024-06-13,3,19,R029,S0053,59.0,62,80,-2.3,24.2,5.2,1
2024-06-14,4,6,R006,S0044,20.0,15,40,14.6,27.8,11.3,0
2024-06-15,5,5,R017,S0013,,0,60,-1.6,23.7,4.8,1
2024-06-15,5,9,R001,S0064,36.0,35,50,2.6,21.6,1.4,0
2024-06-16,6,3,R024,S0057,48.0,46,40,0.6,28.5,2.6,0
2024-06-16,6,6,R006,S0086,5.0,3,80,11.1,18.5,0.0,0
2024-06-16,6,12,R006,S0058,33.0,30,50,3.1,30.6,0.1,0
2024-06-17,0,1,R012,S0028,18.0,14,50,7.3,31.6,1.0,0
2024-06-18,1,5,R009,S0054,22.0,19,50,4.7,26.2,1.7,0
2024-06-18,1,6,R002,S0086,29.0,29,80,5.2,25.3,1.4,0
2024-06-18,1,14,R002,S0056,29.0,21,60,11.2,21.3,1.8,0
2024-06-18,1,14,R020,S0094,30.0,22,80,13.2,26.4,0.0,0
2024-06-18,1,16,R015,S0097,21.0,18,80,,27.6,1.3,0
2024-06-18,1,23,R017,S0037,22.0,20,40,17.6,26.7,0.0,0
2024-06-19,2,10,R019,S0090,41.0,41,80,0.9,29.0,,0
2024-06-19,2,13,R014,S0080,34.0,30,50,,24.8,0.0,0
2024-06-20,3,7,R006,S0028,27.0,25,40,7.7,22.2,4.1,0
2024-06-20,3,8,R010,S0056,49.0,46,40,12.0,34.7,2.0,0
2024-06-20,3,11,R015,S0013,26.0,17,60,6.8,38.2,3.8,0
2024-06-20,3,16,R005,S0033,10.0,0,50,-5.0,30.2,6.5,1
2024-06-20,3,21,R002,S0077,2.0,3,60,-4.0,23.8,0.6,0
2024-06-21,4,0,R003,S0029,28.0,30,50,-5.0,28.4,3.5,0
2024-06-21,4,1,R007,S0054,24.0,16,80,1.3,28.7,2.6,0
2024-06-21,4,3,R022,S0052,30.0,23,40,-2.0,30.6,6.9,1
2024-06-21,4,4,R011,S0027,34.0,33,40,4.3,26.6,0.9,0
2024-06-21,4,10,R003,S0047,59.0,50,50,1.9,17.9,0.0,0
2024-06-21,4,13,R025,S0076,,41,60,6.8,33.0,0.6,0
2024-06-21,4,13,R009,S0069,19.0,10,50,0.8,39.5,0.2,0
2024-06-22,5,14,R027,S0054,32.0,32,60,-5.0,22.9,3.3,0
2024-06-22,5,23,R030,S0019,25.0,18,40,0.5,27.0,0.3,0
2024-06-23,6,16,R001,S0049,47.0,45,80,0.1,31.3,0.0,0
2024-06-24,0,12,R016,S0022,32.0,29,80,5.2,25.9,6.5,0
2024-06-24,0,23,R001,S0045,35.0,42,50,-2.9,26.2,2.4,0
2024-06-25,1,2,R005,S0022,21.0,17,40,15.9,28.5,0.0,0
2024-06-25,1,10,R023,S0015,26.0,25,60,13.0,32.6,4.1,1
2024-06-25,1,15,R012,S0066,0.0,0,60,-5.0,21.9,0.0,0
2024-06-25,1,17,R026,S0005,40.0,32,50,-3.9,24.9,0.0,0
2024-06-25,1,23,R014,S0021,20.0,20,60,-3.9,44.9,0.0,1
2024-06-26,2,10,R025,S0043,34.0,24,50,13.3,21.2,0.0,0
2024-06-26,2,18,R021,S0078,43.0,40,80,-4.8,30.8,3.0,0
2024-06-26,2,22,R003,S0038,24.0,23,60,2.6,32.4,2.3,0
2024-06-27,3,6,R028,S0094,0.0,4,40,21.6,23.5,2.5,0
2024-06-27,3,8,R011,S0098,,34,40,4.6,32.7,1.1,0
2024-06-27,3,8,R019,S0049,65.0,68,50,4.9,29.5,1.7,0
2024-06-27,3,14,R019,S0074,37.0,36,60,4.7,21.2,8.3,0
2024-06-27,3,21,R019,S0023,39.0,36,40,4.7,35.6,8.6,0
2024-06-28,4,2,R029,S0065,16.0,13,60,11.6,42.1,0.1,0
2024-06-28,4,12,R016,S0050,24.0,13,80,,25.3,1.9,0
2024-06-28,4,12,R026,S0071,,24,80,-1.4,31.6,0.6,0
2024-06-28,4,16,R007,S0015,21.0,12,40,-5.0,18.1,0.0,0
2024-06-28,4,17,R002,S0100,36.0,29,50,,31.5,12.5,0
2024-06-28,4,22,R028,S0062,23.0,29,80,3.0,26.5,0.0,0
2024-06-29,5,0,R008,S0078,,41,50,-1.1,18.9,3.6,0
2024-06-29,5,11,R018,S0028,19.0,18,40,16.2,24.2,1.3,0
2024-06-30,6,5,R001,S0019,36.0,29,60,11.6,30.2,2.2,0
2024-06-30,6,14,R006,S0099,45.0,36,50,14.2,29.2,2.0,0
2024-06-30,6,22,R004,S0057,31.0,27,40,10.2,33.3,1.0,0
2024-07-01,0,4,R009,S0055,334.0,41,80,15.1,23.8,8.5,0
2024-07-01,0,6,R023,S0017,52.0,48,40,16.2,33.3,0.0,1
2024-07-02,1,0,R013,S0030,293.0,39,80,-4.8,22.1,4.8,0
2024-07-02,1,0,R017,S0029,28.0,23,60,6.6,29.2,0.0,0
2024-07-02,1,2,R008,S0029,27.0,22,50,9.6,22.0,,0
2024-07-02,1,23,R026,S0041,35.0,31,50,,23.1,0.7,0
2024-07-03,2,8,R026,S0013,63.0,59,50,11.3,36.3,,0
2024-07-04,3,7,R017,S0099,23.0,22,60,13.4,20.6,1.7,0
2024-07-04,3,14,R022,S0016,9.0,4,50,14.6,27.1,0.0,1
2024-07-04,3,16,R019,S0071,26.0,17,40,,33.7,2.9,0
2024-07-05,4,0,R022,S0035,22.0,28,40,5.1,28.7,0.0,0
2024-07-05,4,1,R017,S0050,22.0,16,60,12.3,26.6,1.4,0
2024-07-05,4,8,R011,S0023,33.0,27,40,-0.3,29.1,0.0,0
2024-07-05,4,16,R019,S0023,23.0,8,40,5.1,28.1,0.0,0
2024-07-05,4,17,R001,S0094,11.0,6,80,8.3,27.3,1.8,0
2024-07-06,5,6,R002,S0087,28.0,18,40,14.0,33.8,1.5,0
2024-07-06,5,12,R009,S0092,13.0,10,80,0.8,27.3,5.9,0
2024-07-06,5,17,R029,S0049,48.0,48,40,-0.3,26.8,4.1,0
2024-07-07,6,6,R023,S0055,19.0,14,50,22.5,32.5,2.8,0
2024-07-07,6,12,R029,S0078,23.0,14,80,1.8,31.0,0.3,0
2024-07-08,0,2,R017,S0007,31.0,29,40,-5.0,34.7,0.0,0
2024-07-08,0,9,R028,S0044,26.0,27,60,7.4,30.7,1.3,0
2024-07-08,0,16,R024,S0056,30.0,27,80,-4.5,28.0,0.0,0
2024-07-08,0,19,R006,S0061,32.0,30,40,14.8,21.5,0.1,0
2024-07-08,0,21,R004,S0061,33.0,32,50,6.0,34.5,0.0,0
2024-07-08,0,21,R005,S0014,47.0,47,80,3.7,33.7,5.8,0
2024-07-09,1,14,R017,S0077,22.0,26,40,7.7,31.6,7.7,0
2024-07-09,1,19,R004,S0010,35.0,31,80,9.1,28.8,2.5,0
2024-07-09,1,23,R015,S0047,39.0,32,40,4.9,28.3,0.0,1
2024-07-10,2,2,R004,S0073,48.0,37,80,10.1,28.5,1.4,0
2024-07-10,2,4,R010,S0082,29.0,27,80,,25.2,1.4,1
2024-07-10,2,6,R019,S0055,35.0,28,60,2.4,26.4,3.6,0
2024-07-10,2,12,R030,S0055,31.0,30,40,2.0,19.9,,0
2024-07-10,2,14,R020,S0100,30.0,31,60,1.1,30.7,0.7,0
2024-07-10,2,18,R022,S0083,33.0,31,50,-3.5,22.4,0.0,0
2024-07-10,2,22,R022,S0091,28.0,23,60,2.8,37.3,0.0,0
2024-07-12,4,3,R011,S0045,18.0,21,40,13.3,39.0,3.3,0
2024-07-12,4,5,R021,S0049,8.0,0,80,-1.4,26.2,0.0,0
2024-07-12,4,23,R024,S0019,34.0,32,80,-3.2,25.4,2.7,0
2024-07-13,5,4,R030,S0043,63.0,56,50,-1.5,23.4,0.0,0
2024-07-13,5,11,R025,S0098,15.0,7,50,9.8,29.2,0.0,0
2024-07-13,5,19,R025,S0098,46.0,43,40,-2.8,25.8,1.6,0
2024-07-14,6,1,R014,S0023,11.0,8,40,4.7,30.2,3.6,0
2024-07-14,6,3,R007,S0028,15.0,15,80,10.1,23.1,,0
2024-07-14,6,23,R009,S0096,40.0,38,60,0.9,31.9,0.0,0
2024-07-15,0,12,R001,S0004,7.0,1,40,11.9,26.3,6.4,0
2024-07-15,0,16,R017,S0026,25.0,23,40,26.8,23.7,7.8,1
2024-07-16,1,0,R007,S0057,21.0,15,60,0.6,28.7,2.4,1
2024-07-16,1,3,R006,S0084,30.0,25,40,-3.2,32.8,1.7,0
2024-07-16,1,8,R024,S0031,45.0,35,60,-0.8,25.6,0.0,0
2024-07-16,1,15,R028,S0029,19.0,23,80,-0.9,30.3,4.4,0
2024-07-16,1,17,R018,S0026,31.0,27,80,12.5,29.7,1.8,0
2024-07-16,1,20,R022,S0003,31.0,36,60,11.0,24.7,0.7,0
2024-07-17,2,14,R002,S0006,2.0,0,50,-0.7,23.5,0.6,0
2024-07-18,3,6,R022,S0023,25.0,20,50,6.6,28.7,0.0,0
2024-07-19,4,4,R029,S0041,32.0,28,50,-3.2,24.0,6.7,0
2024-07-19,4,9,R011,S0075,67.0,57,40,5.3,28.6,14.0,0
2024-07-19,4,18,R017,S0091,46.0,38,50,-5.0,26.3,1.8,0
2024-07-20,5,5,R012,S0033,30.0,31,50,4.6,19.7,3.6,0
2024-07-20,5,9,R012,S0065,79.0,70,60,10.8,27.0,0.0,0
2024-07-20,5,12,R013,S0049,30.0,30,50,,31.8,0.0,0
2024-07-20,5,23,R013,S0040,30.0,26,50,7.8,32.1,0.3,0
2024-07-20,5,23,R009,S0072,17.0,15,40,16.8,27.6,0.1,0
2024-07-21,6,2,R020,S0053,16.0,17,80,0.7,28.3,3.6,0
2024-07-21,6,16,R001,S0069,44.0,40,50,-5.0,29.9,0.0,0
2024-07-21,6,21,R009,S0065,33.0,32,80,9.1,26.1,0.0,0
2024-07-22,0,5,R001,S0086,17.0,14,40,-2.0,32.6,0.0,0
2024-07-23,1,1,R023,S0088,,12,80,9.8,24.0,0.7,0
2024-07-23,1,21,R021,S0090,22.0,21,60,12.9,33.3,0.7,1
2024-07-24,2,5,R030,S0068,0.0,2,40,6.0,28.6,6.7,0
2024-07-24,2,23,R011,S0039,20.0,13,50,-2.2,31.1,0.0,1
2024-07-25,3,8,R014,S0093,13.0,6,80,20.4,26.0,0.0,0
2024-07-25,3,9,R005,S0069,37.0,24,50,14.5,22.5,0.1,0
2024-07-25,3,22,R007,S0009,15.0,17,80,12.4,32.6,2.3,0
2024-07-26,4,12,R005,S0008,7.0,6,60,11.1,23.1,4.0,0
2024-07-26,4,13,R010,S0021,12.0,9,80,-5.0,34.8,2.5,0
2024-07-26,4,20,R007,S0090,36.0,32,50,3.6,22.9,4.4,0
2024-07-28,6,5,R030,S0016,23.0,20,50,7.8,29.3,0.0,0
2024-07-28,6,7,R021,S0093,28.0,22,40,9.6,19.7,2.1,1
2024-07-30,1,13,R020,S0008,9.0,8,60,9.8,20.7,,0
2024-07-30,1,13,R030,S0005,12.0,10,40,14.6,29.7,1.9,0
2024-07-30,1,20,R023,S0054,77.0,70,50,2.4,24.6,0.0,0
2024-07-31,2,12,R001,S0048,21.0,19,40,4.5,27.3,0.7,0
2024-07-31,2,19,R006,S0090,46.0,39,60,8.3,29.7,1.8,0
2024-07-31,2,21,R016,S0045,17.0,13,80,14.4,31.6,0.0,0
2024-08-01,3,12,R029,S0028,22.0,20,60,2.5,21.3,0.0,0
2024-08-01,3,16,R005,S0043,22.0,19,80,-2.1,37.6,2.8,0
2024-08-01,3,22,R003,S0001,13.0,5,80,17.1,34.2,0.0,0
2024-08-01,3,23,R021,S0014,20.0,14,80,11.4,24.0,0.3,0
2024-08-02,4,0,R022,S0050,0.0,0,60,10.4,25.8,0.0,1
2024-08-02,4,4,R030,S0035,33.0,18,60,1.8,24.0,0.5,0
2024-08-02,4,14,R011,S0071,9.0,9,50,13.8,29.9,1.7,0
2024-08-02,4,15,R030,S0061,22.0,22,60,12.8,39.6,0.0,0
2024-08-02,4,16,R022,S0038,29.0,22,40,14.2,27.0,8.1,0
2024-08-03,5,11,R025,S0066,10.0,4,80,0.7,26.4,0.4,1
2024-08-03,5,16,R004,S0059,11.0,8,80,14.6,22.2,0.0,0
2024-08-03,5,17,R008,S0071,69.0,69,50,6.5,24.4,3.3,0
2024-08-04,6,6,R021,S0091,18.0,16,40,3.6,19.4,2.9,0
2024-08-04,6,6,R014,S0009,27.0,23,60,-1.0,17.8,2.9,1
2024-08-04,6,8,R005,S0075,43.0,35,60,2.2,29.3,0.0,0
2024-08-04,6,10,R024,S0090,19.0,10,80,-1.5,23.1,14.0,0
2024-08-04,6,10,R028,S0010,58.0,52,40,10.6,24.5,9.1,0
2024-08-04,6,10,R003,S0044,43.0,43,60,9.4,32.2,12.0,0
2024-08-05,0,1,R023,S0076,32.0,31,50,12.9,27.4,0.2,0
2024-08-05,0,6,R004,S0031,23.0,24,60,-5.0,26.1,5.0,0
2024-08-05,0,7,R010,S0046,5.0,1,60,9.1,35.0,3.5,0
2024-08-05,0,13,R030,S0078,19.0,21,80,6.1,26.7,1.1,0
2024-08-05,0,17,R028,S0084,30.0,22,60,6.4,18.4,0.8,0
2024-08-05,0,22,R010,S0009,20.0,16,80,5.1,29.7,0.1,0
2024-08-07,2,10,R008,S0019,41.0,41,40,9.9,25.2,0.5,0
2024-08-07,2,10,R018,S0097,42.0,42,80,-5.0,36.2,0.0,0
2024-08-07,2,14,R026,S0098,23.0,26,60,13.7,29.2,2.0,1
2024-08-07,2,15,R006,S0077,15.0,11,80,2.1,32.0,6.8,0
2024-08-07,2,18,R002,S0011,33.0,32,50,-5.0,30.9,11.8,0
2024-08-07,2,20,R005,S0062,56.0,48,40,,27.4,2.4,0
2024-08-07,2,23,R019,S0046,44.0,40,60,4.7,36.2,0.5,0
2024-08-08,3,13,R025,S0013,36.0,39,80,10.6,40.3,5.5,1
2024-08-09,4,0,R014,S0098,0.0,0,80,9.5,28.1,10.0,0
2024-08-09,4,9,R025,S0074,38.0,32,40,6.6,32.4,3.1,0
2024-08-09,4,12,R023,S0065,2.0,0,40,0.4,32.8,0.0,0
2024-08-10,5,0,R012,S0063,34.0,29,60,15.5,18.1,1.1,0
2024-08-10,5,11,R013,S0028,10.0,7,50,4.6,34.3,2.1,0
2024-08-10,5,13,R009,S0081,27.0,21,80,-3.2,37.9,4.4,0
2024-08-10,5,13,R027,S0047,24.0,20,60,-1.6,33.3,3.5,0
2024-08-10,5,18,R026,S0047,86.0,90,60,-5.0,35.1,2.2,0
2024-08-11,6,2,R005,S0076,41.0,38,60,1.3,18.8,0.9,0
2024-08-11,6,5,R028,S0007,36.0,27,50,-0.2,32.4,2.5,0
2024-08-11,6,10,R021,S0064,50.0,42,50,0.1,33.3,0.1,0
2024-08-11,6,17,R021,S0090,29.0,27,80,7.0,38.3,0.5,0
2024-08-12,0,7,R016,S0070,26.0,19,60,2.1,29.9,0.9,0
2024-08-12,0,12,R001,S0079,45.0,38,50,1.2,23.0,2.7,0
2024-08-12,0,14,R024,S0013,9.0,8,40,16.8,26.4,0.0,0
2024-08-12,0,16,R022,S0069,23.0,21,80,3.3,22.0,6.1,0
2024-08-12,0,18,R020,S0039,52.0,49,60,-1.5,22.9,2.0,0
2024-08-13,1,1,R026,S0046,20.0,16,60,3.0,36.3,4.0,0
2024-08-13,1,5,R016,S0074,35.0,38,60,6.7,35.7,4.7,0
2024-08-13,1,12,R005,S0026,20.0,12,60,2.0,24.0,2.6,0
2024-08-14,2,1,R006,S0084,30.0,27,50,3.3,26.7,0.7,1
2024-08-14,2,6,R022,S0100,20.0,12,60,19.9,33.2,5.9,0
2024-08-14,2,6,R012,S0047,18.0,14,50,9.8,20.5,5.2,0
2024-08-14,2,9,R004,S0051,52.0,52,60,4.6,27.2,7.1,1
2024-08-14,2,18,R017,S0082,56.0,48,50,5.2,30.2,2.1,0
2024-08-15,3,4,R021,S0004,44.0,46,40,9.7,32.8,3.7,0
2024-08-15,3,15,R023,S0069,1.0,0,60,9.9,36.8,12.3,0
2024-08-15,3,21,R013,S0051,40.0,30,80,2.5,29.5,0.0,0
2024-08-16,4,1,R014,S0028,11.0,14,60,14.6,30.9,6.4,0
2024-08-16,4,3,R028,S0021,27.0,16,40,12.2,34.0,0.7,0
2024-08-16,4,9,R028,S0096,50.0,47,60,9.7,24.0,3.3,1
2024-08-16,4,11,R002,S0006,39.0,35,50,4.0,32.9,1.1,0
2024-08-16,4,15,R027,S0016,52.0,56,60,4.8,28.1,0.9,0
2024-08-16,4,20,R022,S0027,22.0,15,80,10.5,28.9,0.0,0
2024-08-17,5,17,R024,S0092,74.0,74,40,11.2,36.2,0.0,0
2024-08-17,5,19,R016,S0038,44.0,34,40,-5.0,32.7,5.6,0
2024-08-18,6,1,R019,S0055,20.0,14,40,-5.0,33.8,0.0,0
2024-08-18,6,6,R016,S0028,21.0,11,80,-0.2,29.8,3.3,0
2024-08-18,6,16,R023,S0026,28.0,27,80,-4.2,37.7,0.5,0
2024-08-18,6,21,R011,S0081,39.0,35,80,-5.0,31.0,0.0,0
2024-08-18,6,22,R014,S0084,26.0,29,50,3.2,24.8,1.7,0
2024-08-18,6,23,R009,S0081,34.0,28,80,11.1,30.9,0.0,0
2024-08-20,1,1,R008,S0075,10.0,11,60,4.2,13.7,4.3,0
2024-08-20,1,1,R024,S0076,2.0,0,40,2.3,39.0,4.2,0
2024-08-20,1,7,R030,S0056,44.0,43,80,,23.5,3.6,0
2024-08-20,1,13,R019,S0084,0.0,0,40,21.6,30.4,3.1,0
2024-08-20,1,14,R006,S0075,18.0,16,60,-5.0,24.3,2.8,0
2024-08-20,1,14,R022,S0033,19.0,15,50,11.8,26.0,1.5,0
2024-08-20,1,18,R028,S0098,44.0,33,40,3.7,30.1,0.3,0
2024-08-20,1,22,R028,S0032,35.0,35,60,11.3,20.9,0.4,0
2024-08-21,2,10,R028,S0056,29.0,25,50,3.5,32.1,0.9,0
2024-08-22,3,15,R022,S0076,42.0,38,50,1.4,25.7,,0
2024-08-22,3,17,R028,S0082,28.0,23,50,,31.9,2.3,0
2024-08-23,4,5,R001,S0099,14.0,12,60,3.4,29.1,1.0,0
2024-08-23,4,12,R021,S0054,21.0,14,80,-5.0,31.3,0.0,0
2024-08-23,4,14,R006,S0027,25.0,21,40,4.4,33.0,4.8,0
2024-08-23,4,17,R016,S0014,42.0,42,50,8.4,27.8,0.0,0
2024-08-24,5,1,R019,S0008,8.0,6,50,8.4,27.4,1.1,0
2024-08-24,5,6,R024,S0036,35.0,33,80,,29.5,0.0,0
2024-08-24,5,13,R020,S0092,12.0,12,80,,31.0,0.0,0
2024-08-24,5,22,R019,S0045,27.0,20,60,7.6,27.7,2.2,0
2024-08-25,6,3,R019,S0012,46.0,36,80,9.8,30.9,1.5,0
2024-08-25,6,3,R003,S0025,25.0,27,50,0.3,20.4,0.1,0
2024-08-25,6,5,R016,S0078,23.0,16,80,7.8,30.2,2.1,0
2024-08-26,0,2,R001,S0031,21.0,27,50,7.4,26.4,6.0,0
2024-08-26,0,5,R010,S0009,37.0,40,40,15.4,19.5,1.9,0
2024-08-26,0,14,R005,S0018,21.0,19,60,7.8,24.9,0.0,0
2024-08-26,0,17,R011,S0090,31.0,27,40,4.5,27.1,0.0,0
2024-08-26,0,18,R021,S0085,14.0,10,50,-0.8,28.4,0.0,0
2024-08-27,1,4,R005,S0027,21.0,15,50,15.0,30.8,2.9,0
2024-08-27,1,9,R028,S0089,31.0,26,80,7.4,26.7,0.2,0
2024-08-27,1,17,R026,S0087,28.0,24,40,19.9,29.9,2.6,0
2024-08-28,2,10,R030,S0041,46.0,47,40,6.3,32.3,4.1,0
2024-08-29,3,3,R018,S0098,29.0,24,80,17.4,31.4,1.4,0
2024-08-29,3,9,R010,S0087,54.0,43,60,3.4,24.0,0.0,0
2024-08-29,3,18,R026,S0074,33.0,27,60,1.7,37.0,1.5,0
2024-08-29,3,22,R023,S0037,19.0,17,50,8.2,29.2,0.0,0
2024-08-30,4,5,R018,S0024,30.0,29,50,2.2,23.9,0.8,0
2024-08-30,4,10,R027,S0064,38.0,40,60,-2.4,32.5,0.0,0
2024-08-30,4,23,R021,S0001,,14,50,17.4,36.1,5.9,0
2024-08-31,5,3,R002,S0043,40.0,34,80,7.4,21.8,0.0,0
2024-08-31,5,16,R026,S0087,36.0,35,50,10.3,20.0,2.4,0
2024-09-02,0,10,R021,S0096,44.0,40,60,-0.3,22.1,0.0,1
2024-09-02,0,17,R027,S0052,45.0,39,40,1.0,36.7,0.1,0
2024-09-03,1,0,R009,S0037,21.0,16,50,9.4,24.9,0.0,0
2024-09-03,1,1,R010,S0075,32.0,29,80,,37.9,0.0,0
2024-09-03,1,8,R007,S0004,33.0,27,80,13.3,20.6,0.0,0
2024-09-03,1,18,R025,S0039,18.0,14,80,14.1,20.8,0.4,0
2024-09-03,1,19,R011,S0043,49.0,49,50,16.9,30.3,0.0,0
2024-09-03,1,23,R017,S0087,39.0,38,60,14.2,29.5,0.0,0
2024-09-05,3,0,R028,S0034,18.0,16,60,5.4,21.3,5.1,1
2024-09-05,3,1,R008,S0008,11.0,1,60,-0.4,26.4,0.5,0
2024-09-05,3,8,R027,S0019,56.0,48,60,-5.0,26.5,0.6,0
2024-09-05,3,20,R028,S0092,49.0,46,60,11.0,24.6,0.7,1
2024-09-06,4,6,R009,S0053,42.0,36,60,18.4,29.3,2.8,0
2024-09-06,4,20,R014,S0072,42.0,38,60,6.4,19.2,2.7,0
2024-09-06,4,21,R011,S0084,19.0,19,60,-5.0,29.7,1.9,0
2024-09-07,5,2,R006,S0015,26.0,12,40,0.9,23.7,0.7,0
2024-09-07,5,12,R024,S0028,22.0,23,60,-5.0,27.8,0.8,0
2024-09-07,5,12,R029,S0063,10.0,4,50,5.0,28.2,0.0,0
2024-09-08,6,3,R014,S0012,38.0,42,80,9.8,21.0,7.7,0
2024-09-08,6,4,R002,S0078,37.0,31,60,-5.0,27.6,0.0,0
2024-09-08,6,5,R010,S0069,30.0,31,40,25.5,35.5,1.4,0
2024-09-08,6,6,R022,S0084,42.0,34,80,-5.0,29.6,6.6,0
2024-09-08,6,9,R003,S0046,31.0,29,80,6.5,31.5,0.0,0
2024-09-08,6,16,R023,S0042,17.0,16,50,12.6,33.9,,0
2024-09-08,6,17,R030,S0065,38.0,38,50,7.5,26.7,7.3,0
2024-09-09,0,2,R020,S0073,12.0,14,50,2.8,23.0,0.0,1
2024-09-09,0,10,R012,S0010,46.0,42,50,-0.3,26.0,0.0,0
2024-09-09,0,16,R020,S0081,27.0,25,40,10.0,25.3,0.0,0
2024-09-09,0,17,R018,S0004,55.0,55,40,3.8,19.9,5.2,0
2024-09-09,0,18,R021,S0040,,34,50,13.9,35.9,1.5,0
2024-09-09,0,22,R021,S0045,37.0,31,50,6.1,30.0,,0
2024-09-10,1,14,R024,S0087,30.0,33,40,-1.5,23.3,1.7,0
2024-09-10,1,17,R014,S0032,63.0,63,80,13.2,28.3,0.3,0
2024-09-10,1,19,R027,S0011,40.0,34,50,7.9,25.7,0.0,0
2024-09-10,1,20,R008,S0089,58.0,49,60,-0.1,17.9,0.5,0
2024-09-10,1,22,R011,S0062,11.0,7,50,12.8,27.3,0.0,0
2024-09-11,2,7,R026,S0059,29.0,22,50,-3.1,27.6,0.0,0
2024-09-11,2,15,R010,S0021,16.0,10,60,5.1,17.2,1.5,0
2024-09-11,2,18,R012,S0070,41.0,40,50,9.8,30.9,3.1,0
2024-09-12,3,12,R018,S0059,52.0,52,60,4.4,35.9,1.1,1
2024-09-12,3,17,R017,S0035,25.0,24,80,8.1,25.9,1.2,0
2024-09-13,4,1,R004,S0069,16.0,10,60,-5.0,31.0,0.0,0
2024-09-13,4,13,R022,S0022,12.0,14,50,5.2,33.6,0.7,0
2024-09-13,4,17,R010,S0093,44.0,41,40,,26.2,1.7,0
2024-09-13,4,22,R004,S0028,6.0,0,60,6.3,36.6,0.7,0
2024-09-14,5,12,R014,S0008,27.0,22,40,3.1,28.0,0.0,0
2024-09-14,5,22,R021,S0090,21.0,15,40,4.5,30.2,2.9,0
2024-09-15,6,4,R021,S0015,44.0,47,40,11.0,30.3,0.5,1
2024-09-15,6,4,R021,S0083,34.0,37,50,4.6,23.5,0.0,0
2024-09-15,6,10,R012,S0094,37.0,37,40,6.9,31.3,0.0,0
2024-09-15,6,10,R002,S0092,23.0,16,80,1.1,19.6,0.0,0
2024-09-15,6,12,R022,S0054,30.0,28,40,12.4,23.6,0.0,0
2024-09-15,6,21,R017,S0048,20.0,17,80,7.1,30.7,0.4,0
2024-09-16,0,14,R001,S0054,22.0,14,80,1.9,35.0,,0
2024-09-16,0,18,R012,S0019,49.0,47,40,-5.0,35.1,0.9,0
2024-09-17,1,2,R001,S0040,23.0,14,80,15.0,28.5,0.0,0
2024-09-17,1,13,R024,S0041,0.0,1,60,13.6,22.4,3.5,0
2024-09-17,1,22,R001,S0049,48.0,41,80,7.8,31.4,1.3,0
2024-09-18,2,9,R024,S0064,40.0,36,40,-2.4,34.0,2.1,0
2024-09-18,2,10,R008,S0009,49.0,43,80,-5.0,28.8,0.3,0
2024-09-19,3,15,R006,S0068,12.0,10,40,7.3,40.1,0.3,0
2024-09-20,4,1,R014,S0024,14.0,8,60,12.7,33.8,2.8,0
2024-09-20,4,12,R020,S0056,2.0,5,50,14.8,39.0,0.0,0
2024-09-20,4,17,R005,S0006,47.0,33,80,14.4,22.6,12.0,1
2024-09-20,4,17,R003,S0021,55.0,51,60,5.7,30.9,1.8,1
2024-09-20,4,22,R003,S0051,22.0,22,80,9.9,30.6,0.0,0
2024-09-20,4,23,R021,S0073,40.0,35,50,-3.7,27.5,0.4,0
2024-09-21,5,4,R013,S0011,23.0,17,40,12.4,18.6,3.2,0
2024-09-21,5,14,R003,S0057,30.0,28,40,-5.0,27.5,3.5,0
2024-09-21,5,22,R026,S0049,14.0,9,60,15.8,26.0,2.3,0
2024-09-23,0,7,R009,S0081,31.0,30,50,3.3,28.7,0.6,0
2024-09-23,0,16,R009,S0047,254.0,38,60,0.2,34.8,20.9,0
2024-09-23,0,16,R009,S0078,24.0,18,40,15.0,35.1,,0
2024-09-23,0,18,R012,S0056,36.0,36,60,13.1,27.8,4.9,0
2024-09-24,1,5,R003,S0002,22.0,18,60,0.6,25.7,1.7,0
2024-09-24,1,7,R017,S0050,26.0,21,50,10.0,22.5,0.5,0
2024-09-24,1,8,R026,S0037,50.0,43,50,-1.9,25.1,0.5,0
2024-09-24,1,14,R028,S0019,27.0,25,40,0.4,25.1,1.0,0
2024-09-24,1,14,R019,S0076,15.0,22,50,11.7,25.9,4.5,0
2024-09-25,2,9,R011,S0099,51.0,46,80,2.5,32.1,6.1,0
2024-09-26,3,3,R013,S0010,47.0,39,50,11.9,26.5,3.3,0
2024-09-26,3,13,R003,S0019,43.0,35,40,-0.2,24.4,7.8,0
2024-09-27,4,1,R014,S0013,34.0,30,60,2.9,29.7,3.3,0
2024-09-27,4,2,R009,S0008,21.0,18,50,4.3,25.4,1.8,0
2024-09-27,4,10,R010,S0072,60.0,63,50,4.2,23.2,0.0,0
2024-09-27,4,17,R016,S0088,51.0,43,50,-1.2,26.9,0.3,0
2024-09-28,5,7,R023,S0087,8.0,2,80,15.1,23.5,0.0,0
2024-09-28,5,8,R007,S0096,47.0,43,40,4.2,29.8,1.5,0
2024-09-29,6,12,R014,S0068,37.0,37,50,-1.8,25.2,1.5,0
2024-09-29,6,13,R030,S0091,17.0,18,40,2.1,27.9,0.0,1
2024-09-29,6,17,R014,S0058,45.0,46,80,5.5,19.8,0.0,1
2024-09-29,6,20,R023,S0078,44.0,45,50,19.9,21.0,0.0,0
2024-09-29,6,23,R002,S0061,27.0,18,50,22.7,21.5,0.0,0
2024-09-30,0,18,R011,S0062,61.0,57,40,4.7,19.9,2.9,0
2024-09-30,0,21,R004,S0045,12.0,15,80,2.8,19.9,0.0,0
2024-10-01,1,2,R025,S0060,28.0,24,80,2.7,23.1,0.0,0
2024-10-01,1,14,R029,S0034,284.0,27,60,-4.0,27.2,0.0,0
2024-10-01,1,17,R022,S0100,54.0,48,80,-1.9,23.5,3.9,0
2024-10-03,3,7,R008,S0019,31.0,23,40,5.1,25.5,7.7,0
2024-10-03,3,10,R004,S0027,29.0,30,50,14.0,26.9,2.3,0
2024-10-03,3,13,R020,S0023,10.0,12,50,2.7,26.3,7.5,0
2024-10-03,3,16,R018,S0065,18.0,11,80,8.1,24.7,7.1,0
2024-10-03,3,22,R014,S0012,30.0,25,60,13.6,38.4,0.0,0
2024-10-03,3,23,R003,S0094,3.0,0,40,6.7,22.9,1.4,0
2024-10-04,4,5,R012,S0093,33.0,28,80,,24.8,8.0,0
2024-10-05,5,4,R019,S0017,6.0,6,40,8.0,30.1,0.2,1
2024-10-05,5,22,R004,S0087,31.0,35,60,-5.0,32.6,0.4,1
2024-10-06,6,3,R018,S0063,59.0,58,50,1.0,27.1,0.0,0
2024-10-06,6,6,R013,S0075,31.0,38,60,5.2,26.6,0.7,0
2024-10-06,6,6,R016,S0081,33.0,30,60,1.2,32.9,2.3,0
2024-10-06,6,7,R022,S0077,16.0,10,50,-5.0,26.7,0.0,0
2024-10-06,6,17,R015,S0025,46.0,37,40,15.3,41.0,5.5,0
2024-10-07,0,20,R014,S0045,25.0,25,50,7.7,26.4,0.5,0
2024-10-07,0,21,R002,S0059,0.0,0,40,-5.0,30.4,3.3,0
2024-10-08,1,4,R014,S0084,26.0,21,60,2.4,33.0,6.5,0
2024-10-08,1,4,R028,S0036,31.0,28,60,7.9,21.2,0.1,1
2024-10-08,1,8,R030,S0047,41.0,39,60,4.9,31.5,,0
2024-10-08,1,8,R030,S0099,56.0,58,80,6.8,33.9,0.0,0
2024-10-09,2,9,R021,S0020,46.0,41,60,15.8,29.6,5.1,0
2024-10-09,2,11,R014,S0100,22.0,16,80,16.7,39.1,0.3,0
2024-10-09,2,12,R004,S0076,24.0,24,40,1.4,22.2,0.3,0
2024-10-09,2,13,R013,S0002,9.0,9,80,-3.6,28.8,0.0,0
2024-10-09,2,16,R004,S0041,14.0,5,50,17.7,23.7,0.0,0
2024-10-09,2,18,R018,S0028,43.0,31,40,0.9,27.7,1.3,0
2024-10-10,3,1,R020,S0019,27.0,24,50,-5.0,27.1,0.0,0
2024-10-10,3,9,R003,S0045,53.0,52,50,0.3,26.0,0.5,0
2024-10-10,3,16,R024,S0028,27.0,19,60,-4.2,27.6,,0
2024-10-10,3,19,R012,S0017,43.0,43,60,7.3,22.9,0.1,1
2024-10-11,4,3,R004,S0018,52.0,46,80,5.0,39.0,0.7,0
2024-10-11,4,7,R021,S0028,23.0,20,50,4.9,24.4,1.1,0
2024-10-11,4,11,R013,S0006,20.0,17,60,0.1,30.8,0.0,0
2024-10-11,4,12,R016,S0021,33.0,30,80,2.4,29.3,0.0,0
2024-10-12,5,1,R014,S0098,30.0,25,60,12.7,24.7,0.6,1
2024-10-12,5,1,R018,S0017,20.0,18,80,6.2,29.4,0.0,0
2024-10-12,5,2,R004,S0070,27.0,24,50,-1.6,27.8,0.0,0
2024-10-12,5,13,R015,S0098,37.0,38,50,4.3,28.8,0.0,0
2024-10-12,5,13,R022,S0003,25.0,27,60,-2.4,28.8,4.6,0
2024-10-12,5,14,R002,S0060,26.0,21,80,10.4,29.1,2.9,1
2024-10-13,6,0,R012,S0017,11.0,13,60,11.8,25.6,1.3,0
2024-10-14,0,1,R017,S0060,246.0,1,80,,26.8,0.8,0
2024-10-14,0,3,R003,S0001,29.0,29,60,9.3,24.2,1.1,0
2024-10-14,0,4,R021,S0067,37.0,28,50,,32.7,0.5,0
2024-10-14,0,4,R020,S0047,35.0,34,80,-4.4,24.9,1.0,0
2024-10-15,1,1,R014,S0028,13.0,9,80,5.7,28.3,0.0,0
2024-10-15,1,1,R029,S0078,16.0,10,80,-5.0,33.1,1.7,0
2024-10-15,1,3,R007,S0100,2.0,8,60,-3.6,28.9,8.4,0
2024-10-15,1,7,R019,S0065,25.0,24,60,11.8,22.1,6.3,0
2024-10-15,1,10,R005,S0036,57.0,46,80,13.4,23.4,1.1,0
2024-10-15,1,18,R002,S0032,38.0,31,60,5.7,24.2,0.6,0
2024-10-15,1,22,R015,S0044,,24,40,-0.9,27.2,3.2,0
2024-10-16,2,7,R005,S0013,35.0,32,60,-2.5,29.4,0.2,0
2024-10-16,2,13,R009,S0014,26.0,29,40,10.8,27.4,2.7,0
2024-10-17,3,1,R009,S0007,42.0,43,40,15.6,29.0,0.0,0
2024-10-17,3,16,R019,S0068,5.0,0,50,8.2,29.6,0.0,0
2024-10-18,4,1,R018,S0027,1.0,0,40,11.0,28.9,,0
2024-10-18,4,7,R017,S0054,24.0,32,50,4.0,37.6,1.9,0
2024-10-18,4,9,R014,S0062,57.0,50,50,12.0,34.3,1.8,0
2024-10-19,5,0,R005,S0053,21.0,11,80,8.4,29.7,5.2,0
2024-10-19,5,2,R013,S0051,29.0,33,60,-5.0,28.7,0.0,0
2024-10-19,5,14,R001,S0051,6.0,7,50,18.4,30.1,0.0,0
2024-10-20,6,0,R014,S0014,31.0,24,40,1.1,33.8,0.9,0
2024-10-20,6,9,R018,S0067,24.0,25,80,2.1,28.4,18.6,0
2024-10-20,6,12,R016,S0046,11.0,7,80,11.3,24.7,1.4,1
2024-10-20,6,14,R030,S0093,10.0,0,50,-0.6,31.1,,0
2024-10-20,6,19,R008,S0054,35.0,32,60,0.3,25.9,0.0,0
2024-10-20,6,23,R006,S0008,24.0,21,80,13.6,32.5,2.4,0
2024-10-21,0,23,R022,S0029,22.0,14,40,1.2,30.0,4.3,0
2024-10-21,0,23,R021,S0096,9.0,7,60,-5.0,26.8,1.9,0
2024-10-22,1,4,R003,S0033,15.0,12,60,2.9,34.6,0.8,0
2024-10-22,1,6,R029,S0005,36.0,34,80,2.1,27.9,1.3,0
2024-10-22,1,9,R014,S0066,50.0,46,50,-2.5,24.8,1.7,0
2024-10-22,1,15,R020,S0042,27.0,19,60,21.8,25.7,1.8,0
2024-10-23,2,3,R009,S0057,31.0,33,40,-2.7,25.3,0.6,0
2024-10-24,3,4,R020,S0096,30.0,16,50,8.6,32.2,5.5,0
2024-10-25,4,13,R009,S0019,14.0,9,80,4.1,23.9,4.3,0
2024-10-25,4,23,R013,S0080,32.0,29,50,-2.8,22.6,0.2,0
2024-10-26,5,7,R013,S0010,21.0,18,60,-5.0,27.0,2.0,0
2024-10-26,5,13,R019,S0095,15.0,8,80,4.8,21.0,0.0,0
2024-10-27,6,2,R008,S0037,8.0,1,40,13.5,31.2,4.6,0
2024-10-27,6,12,R013,S0021,8.0,6,80,2.3,32.0,0.5,0
2024-10-27,6,18,R018,S0049,61.0,58,60,1.7,30.2,0.6,0
2024-10-28,0,4,R017,S0053,34.0,38,80,,25.2,0.0,1
2024-10-28,0,4,R003,S0059,,31,50,-5.0,24.5,0.0,0
2024-10-28,0,6,R016,S0072,24.0,19,80,15.5,29.6,0.1,0
2024-10-28,0,21,R004,S0038,31.0,28,50,-5.0,34.2,0.0,0
2024-10-29,1,11,R016,S0054,34.0,37,50,,29.0,0.9,1
2024-10-29,1,12,R024,S0025,35.0,31,60,5.2,40.9,0.7,1
2024-10-29,1,16,R024,S0022,13.0,17,40,-0.7,28.4,1.2,1
2024-10-29,1,17,R006,S0061,307.0,51,60,13.3,24.3,0.0,0
2024-10-29,1,18,R027,S0067,58.0,51,50,10.2,23.8,9.3,0
2024-10-29,1,22,R021,S0046,29.0,27,60,7.7,30.3,0.8,0
2024-10-30,2,6,R001,S0046,20.0,14,60,7.6,21.1,4.8,0
2024-10-30,2,12,R017,S0053,30.0,28,40,-2.0,30.1,0.0,0
2024-10-30,2,12,R019,S0048,13.0,8,50,-1.0,34.4,0.0,0
2024-10-30,2,13,R024,S0072,45.0,38,60,-4.8,28.6,1.6,0
2024-10-30,2,22,R013,S0064,11.0,1,80,5.4,27.6,1.4,0
2024-10-31,3,9,R025,S0027,46.0,39,80,-5.0,32.8,,0
2024-10-31,3,14,R015,S0016,45.0,38,80,10.3,20.8,1.8,0
2024-10-31,3,17,R023,S0001,50.0,52,50,-0.7,29.2,1.6,0
2024-11-01,4,8,R019,S0013,56.0,51,60,3.4,25.0,0.0,1
2024-11-01,4,17,R017,S0033,36.0,29,40,11.8,24.9,0.0,0
2024-11-01,4,19,R017,S0010,46.0,37,80,0.7,28.9,0.0,1
2024-11-02,5,20,R004,S0034,68.0,63,50,-3.8,32.3,10.7,0
2024-11-02,5,22,R002,S0090,22.0,14,80,2.4,28.8,0.7,0
2024-11-03,6,1,R022,S0095,37.0,42,60,7.0,18.1,0.0,0
2024-11-03,6,11,R020,S0068,,36,80,3.4,28.7,,0
2024-11-03,6,19,R015,S0093,51.0,42,60,10.4,21.3,0.0,0
2024-11-04,0,2,R012,S0039,16.0,14,60,12.7,37.3,0.0,0
2024-11-04,0,12,R030,S0006,45.0,38,50,13.3,21.0,0.7,0
2024-11-04,0,12,R014,S0070,31.0,16,50,7.4,32.4,0.6,0
2024-11-05,1,0,R015,S0011,0.0,5,80,-0.7,29.5,8.1,0
2024-11-05,1,2,R013,S0037,12.0,12,40,-2.7,28.4,4.4,0
2024-11-06,2,2,R011,S0030,38.0,36,40,2.4,22.2,0.2,0
2024-11-06,2,6,R005,S0071,29.0,24,60,-5.0,32.7,0.0,1
2024-11-06,2,12,R012,S0015,29.0,25,60,4.6,22.3,3.3,0
2024-11-07,3,0,R006,S0035,10.0,16,40,5.7,31.6,,0
2024-11-07,3,20,R023,S0035,39.0,37,50,18.8,30.0,8.7,0
2024-11-07,3,22,R006,S0029,13.0,5,80,8.2,32.6,0.1,0
2024-11-08,4,1,R014,S0013,27.0,26,40,8.4,18.0,0.4,0
2024-11-08,4,7,R002,S0096,51.0,45,40,22.2,35.9,0.0,0
2024-11-08,4,7,R008,S0086,20.0,20,60,1.1,24.3,5.4,0
2024-11-08,4,18,R023,S0021,60.0,60,60,17.9,28.8,1.0,0
2024-11-09,5,2,R021,S0011,18.0,24,60,2.8,25.5,0.1,0
2024-11-09,5,9,R003,S0036,13.0,14,50,-0.1,25.4,0.0,0
2024-11-09,5,15,R007,S0093,6.0,4,50,12.5,24.2,0.0,0
2024-11-10,6,3,R018,S0007,9.0,0,80,6.7,35.6,1.1,0
2024-11-10,6,8,R003,S0040,42.0,39,80,4.9,31.5,1.9,0
2024-11-10,6,9,R021,S0032,51.0,51,80,8.9,29.5,0.0,0
2024-11-11,0,1,R020,S0009,36.0,39,50,-0.6,28.8,0.0,1
2024-11-11,0,6,R010,S0080,28.0,27,80,7.5,27.0,0.0,0
2024-11-11,0,12,R011,S0082,2.0,0,60,-0.6,29.3,8.5,0
2024-11-11,0,17,R015,S0086,44.0,41,40,-5.0,29.0,0.0,0
2024-11-11,0,20,R018,S0064,51.0,48,50,-0.8,28.5,3.3,0
2024-11-12,1,8,R001,S0043,66.0,59,50,7.8,27.9,0.9,1
2024-11-12,1,13,R020,S0002,49.0,45,40,9.4,26.8,1.1,0
2024-11-12,1,14,R023,S0065,37.0,28,50,7.9,29.1,4.7,0
2024-11-12,1,22,R015,S0026,40.0,33,40,16.7,31.6,3.2,0
2024-11-13,2,1,R007,S0047,34.0,31,50,5.2,25.0,0.0,0
2024-11-13,2,5,R015,S0040,14.0,4,40,,22.1,2.9,0
2024-11-13,2,12,R025,S0046,7.0,13,60,-1.5,33.7,2.4,0
2024-11-13,2,20,R020,S0033,36.0,35,80,-5.0,24.8,0.9,0
2024-11-13,2,20,R015,S0085,67.0,71,50,0.3,36.7,6.7,0
2024-11-14,3,2,R023,S0066,58.0,56,80,19.3,28.6,9.7,0
2024-11-14,3,19,R015,S0055,39.0,28,60,-1.4,21.4,,0
2024-11-14,3,22,R001,S0025,20.0,21,80,-2.4,27.8,11.0,1
2024-11-14,3,23,R002,S0096,20.0,15,40,12.5,23.6,0.0,0
2024-11-15,4,0,R009,S0020,16.0,12,80,2.6,27.1,7.8,0
2024-11-15,4,13,R012,S0059,7.0,0,60,-3.2,33.5,1.0,0
2024-11-15,4,15,R027,S0084,36.0,29,40,-5.0,29.0,4.8,1
2024-11-15,4,20,R030,S0071,,24,40,3.3,35.9,2.8,0
2024-11-15,4,20,R014,S0074,56.0,57,40,6.5,22.2,2.3,0
2024-11-16,5,10,R027,S0041,59.0,61,60,12.2,28.5,6.2,0
2024-11-16,5,10,R028,S0062,35.0,30,60,5.0,27.4,4.2,0
2024-11-16,5,20,R020,S0018,51.0,48,80,3.5,35.3,0.0,0
2024-11-17,6,3,R028,S0018,11.0,8,80,5.2,35.8,1.1,0
2024-11-17,6,5,R022,S0094,14.0,10,80,9.7,31.4,1.9,0
2024-11-17,6,6,R030,S0036,19.0,13,80,1.6,26.9,11.3,0
2024-11-18,0,4,R004,S0048,0.0,0,40,-0.3,35.5,0.0,0
2024-11-18,0,4,R023,S0049,24.0,19,50,11.6,27.6,6.2,0
2024-11-18,0,14,R026,S0096,27.0,25,50,1.0,27.6,0.4,0
2024-11-19,1,7,R005,S0050,35.0,29,50,4.0,22.4,,0
2024-11-19,1,7,R021,S0097,21.0,15,80,10.9,21.2,7.5,0
2024-11-19,1,8,R011,S0057,34.0,30,80,-1.0,32.3,,1
2024-11-19,1,21,R025,S0065,19.0,16,80,9.3,25.9,3.5,0
2024-11-20,2,2,R021,S0045,30.0,27,40,15.2,31.9,2.6,0
2024-11-20,2,3,R027,S0020,27.0,24,50,4.5,31.6,0.9,0
2024-11-20,2,16,R010,S0030,21.0,16,80,7.2,36.0,0.1,0
2024-11-21,3,1,R018,S0062,22.0,17,40,-3.1,36.3,0.0,0
2024-11-21,3,2,R012,S0013,17.0,19,50,,30.2,5.6,0
2024-11-21,3,11,R028,S0006,15.0,9,50,4.4,25.7,1.6,0
2024-11-21,3,11,R027,S0039,0.0,2,50,1.7,25.8,0.0,0
2024-11-22,4,3,R018,S0082,40.0,26,80,0.7,33.2,,1
2024-11-22,4,3,R030,S0025,13.0,11,40,-0.3,26.6,1.4,0
2024-11-22,4,7,R018,S0070,247.0,17,60,2.9,28.7,,0
2024-11-23,5,2,R007,S0009,,10,60,17.5,31.2,0.0,0
2024-11-23,5,3,R016,S0075,44.0,35,40,-5.0,30.6,4.3,0
2024-11-23,5,4,R020,S0039,25.0,21,50,15.3,23.4,3.2,0
2024-11-23,5,9,R004,S0015,63.0,57,60,,29.0,0.3,0
2024-11-24,6,9,R009,S0049,39.0,36,50,7.0,20.8,0.1,0
2024-11-24,6,14,R023,S0051,41.0,41,80,1.4,39.7,3.3,0
2024-11-25,0,3,R004,S0016,39.0,36,40,0.6,27.4,0.0,0
2024-11-25,0,8,R022,S0006,62.0,64,50,-4.4,25.8,0.0,0
2024-11-25,0,17,R002,S0020,29.0,26,40,-1.3,23.7,0.4,1
2024-11-25,0,18,R019,S0078,61.0,53,40,-4.8,21.1,0.2,0
2024-11-25,0,19,R019,S0095,29.0,26,50,2.9,33.0,0.0,0
2024-11-26,1,11,R019,S0032,39.0,41,80,6.4,26.4,0.1,0
2024-11-26,1,17,R012,S0019,63.0,60,50,8.2,35.6,0.0,0
2024-11-26,1,19,R005,S0006,,27,60,5.8,30.0,0.0,0
2024-11-26,1,19,R022,S0013,65.0,65,40,8.9,23.7,11.1,0
2024-11-27,2,15,R014,S0069,1.0,4,40,-0.3,28.3,0.0,0
2024-11-28,3,14,R016,S0068,27.0,23,50,7.1,28.5,0.0,0
2024-11-29,4,21,R003,S0021,40.0,40,60,6.4,29.0,7.0,0
2024-11-30,5,0,R028,S0024,30.0,28,40,8.3,30.8,2.4,1
2024-11-30,5,5,R028,S0033,27.0,19,60,18.8,37.6,4.0,0
2024-11-30,5,10,R003,S0087,52.0,54,60,10.3,36.2,,0
2024-11-30,5,23,R012,S0094,23.0,23,80,4.5,20.2,0.8,0
2024-12-01,6,1,R012,S0059,50.0,51,80,-4.2,11.8,0.0,0
2024-12-01,6,19,R008,S0082,52.0,46,40,-2.4,25.0,0.6,0
2024-12-02,0,21,R003,S0008,33.0,39,50,16.3,31.1,0.0,0
2024-12-02,0,23,R014,S0091,19.0,19,50,13.3,28.0,3.3,0
2024-12-03,1,13,R023,S0024,9.0,7,80,-5.0,24.7,1.7,1
2024-12-03,1,14,R007,S0094,25.0,25,50,0.1,25.1,0.3,0
2024-12-03,1,18,R018,S0029,49.0,40,60,16.8,31.0,0.0,0
2024-12-03,1,22,R014,S0069,,36,50,4.8,35.3,4.4,0
2024-12-04,2,2,R021,S0094,20.0,19,80,4.8,29.1,3.7,0
2024-12-04,2,6,R027,S0021,30.0,24,40,2.2,32.5,0.9,0
2024-12-04,2,21,R016,S0008,24.0,16,50,4.6,29.9,7.4,1
2024-12-05,3,7,R023,S0088,42.0,40,40,10.7,19.6,0.0,0
2024-12-05,3,7,R030,S0060,20.0,9,40,-1.6,28.3,0.0,0
2024-12-05,3,15,R025,S0012,38.0,35,80,-3.8,28.3,1.3,0
2024-12-05,3,17,R008,S0098,26.0,22,80,-5.0,25.2,9.7,0
2024-12-05,3,22,R020,S0099,35.0,31,60,5.9,23.1,8.1,0
2024-12-06,4,4,R008,S0081,25.0,19,50,5.7,28.9,1.0,0
2024-12-06,4,13,R022,S0038,9.0,7,40,0.4,26.1,0.2,0
2024-12-06,4,21,R024,S0096,25.0,22,40,,27.3,0.8,0
2024-12-07,5,1,R029,S0003,17.0,24,50,4.1,25.6,0.0,0
2024-12-07,5,2,R028,S0047,11.0,10,80,,21.3,7.5,0
2024-12-07,5,2,R026,S0015,33.0,28,60,5.1,25.1,0.0,0
2024-12-07,5,4,R004,S0059,22.0,15,60,22.1,32.8,6.0,0
2024-12-07,5,17,R030,S0037,25.0,24,60,6.3,20.7,0.3,0
2024-12-07,5,21,R020,S0019,14.0,16,40,-4.4,17.6,11.8,0
2024-12-08,6,19,R027,S0038,27.0,25,40,8.3,28.8,0.7,0
2024-12-09,0,1,R025,S0066,31.0,25,40,6.8,26.9,0.4,0
2024-12-09,0,11,R004,S0074,26.0,20,60,-0.2,26.3,1.9,0
2024-12-09,0,18,R020,S0027,49.0,44,60,2.5,32.3,5.8,0
2024-12-10,1,0,R012,S0035,19.0,19,60,-3.6,24.4,0.0,0
2024-12-10,1,18,R020,S0084,50.0,44,40,13.1,31.0,0.0,0
2024-12-11,2,0,R019,S0054,15.0,8,80,17.3,27.1,0.0,0
2024-12-11,2,1,R018,S0003,37.0,31,60,5.0,28.8,3.2,1
2024-12-11,2,4,R020,S0083,38.0,32,40,,26.8,7.8,0
2024-12-11,2,8,R019,S0086,,50,50,6.7,34.3,0.6,0
2024-12-11,2,10,R023,S0057,50.0,45,50,,31.4,5.9,0
2024-12-11,2,16,R021,S0037,30.0,23,80,7.3,21.7,3.3,0
2024-12-11,2,17,R004,S0041,66.0,58,60,13.8,28.0,0.0,0
2024-12-11,2,17,R010,S0049,62.0,52,50,-5.0,18.1,5.4,0
2024-12-11,2,20,R002,S0062,31.0,33,50,1.9,27.6,9.6,0
2024-12-12,3,6,R024,S0006,39.0,41,40,4.4,39.1,2.9,0
2024-12-12,3,21,R019,S0020,13.0,14,40,11.3,30.4,11.8,0
2024-12-13,4,5,R029,S0047,15.0,11,60,9.9,28.9,,0
2024-12-13,4,7,R024,S0058,21.0,14,40,1.6,26.1,3.7,1
2024-12-13,4,20,R016,S0067,,34,50,,26.5,0.4,0
2024-12-13,4,21,R010,S0100,42.0,42,40,4.5,26.9,0.0,0
2024-12-14,5,6,R017,S0082,13.0,10,60,,36.0,6.1,0
2024-12-14,5,14,R017,S0034,270.0,17,60,8.3,30.8,,0
2024-12-14,5,18,R011,S0059,58.0,59,40,17.2,24.6,0.0,0
2024-12-14,5,19,R028,S0051,43.0,41,40,18.9,16.1,0.6,0
2024-12-14,5,21,R003,S0066,0.0,0,80,-5.0,24.0,0.3,1
2024-12-14,5,23,R015,S0053,,22,40,11.8,24.3,16.2,0
2024-12-15,6,1,R028,S0041,18.0,16,50,-5.0,26.6,0.0,0
2024-12-15,6,8,R011,S0028,39.0,36,80,1.8,22.4,0.1,1
2024-12-15,6,11,R023,S0042,42.0,44,50,-1.3,25.8,15.3,0
2024-12-15,6,23,R007,S0046,,10,40,5.4,24.6,4.4,0
2024-12-16,0,20,R019,S0025,67.0,65,60,4.9,31.1,0.0,0
2024-12-16,0,23,R030,S0076,13.0,12,60,3.0,28.3,1.8,0
2024-12-17,1,10,R024,S0017,44.0,45,50,15.8,29.2,1.9,0
2024-12-17,1,16,R004,S0087,33.0,32,60,13.4,31.0,0.0,0
2024-12-17,1,21,R029,S0002,31.0,32,50,3.4,29.2,1.0,0
2024-12-18,2,3,R015,S0058,31.0,26,40,-5.0,26.3,0.3,0
2024-12-18,2,21,R014,S0057,0.0,0,80,14.4,32.4,2.8,0
2024-12-19,3,23,R018,S0057,22.0,9,80,7.9,32.7,1.9,1
2024-12-20,4,7,R015,S0054,16.0,13,50,3.0,26.6,0.0,0
2024-12-20,4,8,R012,S0004,35.0,34,40,1.7,18.6,0.0,0
2024-12-20,4,14,R006,S0045,24.0,27,40,18.6,33.8,6.7,0
2024-12-20,4,19,R030,S0029,13.0,14,40,-5.0,36.1,14.8,0
2024-12-21,5,3,R029,S0047,28.0,24,60,3.4,22.4,0.0,0
2024-12-21,5,3,R018,S0072,16.0,15,60,24.1,32.4,2.4,0
2024-12-22,6,3,R012,S0007,12.0,7,50,-0.1,29.2,4.3,0
2024-12-22,6,9,R010,S0010,16.0,16,40,8.5,32.0,0.0,0
2024-12-22,6,14,R013,S0068,24.0,19,80,-5.0,32.8,1.6,0
2024-12-23,0,6,R003,S0096,27.0,20,40,18.3,30.8,0.0,0
2024-12-23,0,19,R025,S0045,35.0,27,60,4.6,32.2,8.7,0
2024-12-24,1,10,R005,S0032,56.0,53,60,10.8,38.3,0.0,0
2024-12-24,1,16,R028,S0027,40.0,39,60,,27.1,0.9,0
2024-12-25,2,2,R009,S0095,17.0,12,50,0.5,27.9,0.0,0
2024-12-25,2,7,R024,S0082,27.0,27,60,9.6,27.2,0.0,0
2024-12-25,2,7,R008,S0077,24.0,23,40,-1.2,34.7,0.5,0
2024-12-25,2,11,R008,S0010,14.0,12,40,5.4,24.6,,0
2024-12-25,2,11,R026,S0004,9.0,11,60,-0.3,30.9,1.4,0
2024-12-25,2,16,R023,S0072,36.0,32,50,3.2,39.3,3.7,0
2024-12-25,2,21,R028,S0039,32.0,35,80,-5.0,24.8,2.7,0
2024-12-26,3,1,R024,S0033,28.0,27,80,-0.5,23.2,0.0,0
2024-12-26,3,14,R017,S0086,3.0,0,40,6.4,28.3,0.2,1
2024-12-26,3,15,R003,S0011,36.0,29,40,-5.0,30.6,0.0,0
2024-12-28,5,4,R011,S0017,23.0,16,80,11.5,28.9,0.0,0
2024-12-28,5,23,R029,S0007,18.0,17,60,-2.6,28.3,1.6,0
2024-12-29,6,4,R025,S0082,28.0,26,80,1.6,23.8,1.5,0
2024-12-29,6,5,R018,S0062,33.0,30,40,6.0,33.9,0.0,0
2024-12-29,6,13,R013,S0021,14.0,11,60,6.1,41.5,0.7,0
2024-12-30,0,0,R017,S0005,17.0,12,40,0.7,32.5,4.7,0
2024-12-30,0,7,R011,S0077,15.0,16,80,6.0,29.2,5.3,0
2024-12-30,0,8,R014,S0034,41.0,38,40,11.6,16.0,1.6,0
2024-12-30,0,9,R006,S0067,38.0,34,80,5.4,30.1,1.8,0
2024-12-30,0,10,R029,S0005,42.0,39,40,-2.9,26.6,1.1,0
2024-12-30,0,14,R029,S0088,62.0,61,40,4.8,33.9,0.0,0
2024-12-30,0,20,R025,S0036,36.0,28,50,-4.8,33.2,0.0,0
2024-12-31,1,3,R010,S0065,20.0,13,50,3.2,28.8,0.0,0
2024-12-31,1,16,R028,S0086,32.0,31,50,5.2,31.2,1.1,0
